pet_id,pet_type,Appointment_id,scheduled_day,Appointment_day,Age_of_owner,SMS_Recived,chronic_disease,vaccination_due,severity_level,previous_visits,emergency_case,mobility_issue,No-Show
6275,Rabbit,50000,2024-02-24,2024-03-01,43,1,0,0,1,7,0,0,No
1514,Cat,50001,2024-01-05,2024-01-11,47,1,0,1,1,2,1,0,No
3080,Dog,50002,2024-03-25,2024-04-07,32,1,1,0,2,1,0,0,No
8147,Cat,50003,2024-03-22,2024-03-29,51,1,0,0,1,6,0,0,No
8346,Dog,50004,2024-01-14,2024-01-16,23,0,0,0,3,7,0,1,No
1951,Cat,50005,2024-01-27,2024-02-06,50,1,0,1,3,9,0,0,No
7501,Dog,50006,2024-01-25,2024-01-28,41,0,1,1,2,5,0,0,Yes
6116,Dog,50007,2024-03-19,2024-03-29,18,0,0,0,1,0,0,0,No
3358,Cat,50008,2024-03-23,2024-04-05,44,0,0,0,1,9,0,0,Yes
1751,Cat,50009,2024-02-12,2024-02-26,27,0,1,1,1,2,1,0,No
7611,Bird,50010,2024-02-20,2024-02-28,54,1,0,0,2,1,0,0,No
7317,Cat,50011,2024-01-11,2024-01-20,19,0,1,0,2,4,0,0,No
7948,Cat,50012,2024-02-07,2024-02-13,56,1,0,0,2,4,0,0,Yes
3355,Cat,50013,2024-03-19,2024-03-28,36,1,0,0,1,5,0,0,Yes
5944,Dog,50014,2024-02-21,2024-03-05,45,1,0,0,2,0,0,0,No
6540,Dog,50015,2024-02-01,2024-02-04,68,1,0,0,2,7,0,0,No
9397,Cat,50016,2024-02-14,2024-02-23,60,1,0,0,1,1,0,0,Yes
9721,Rabbit,50017,2024-02-17,2024-02-23,28,1,0,0,1,6,0,0,No
9516,Bird,50018,2024-03-30,2024-04-08,74,1,0,0,1,5,0,0,No
9925,Dog,50019,2024-01-18,2024-01-27,24,1,0,1,3,9,0,0,No
2677,Dog,50020,2024-03-24,2024-03-26,21,0,0,1,1,6,0,0,Yes
6734,Bird,50021,2024-01-16,2024-01-27,74,1,0,0,2,6,0,0,No
2310,Cat,50022,2024-01-05,2024-01-19,56,1,0,0,1,7,0,0,No
8490,Cat,50023,2024-03-05,2024-03-15,47,1,0,1,3,1,0,0,No
6510,Dog,50024,2024-01-10,2024-01-17,60,0,0,0,1,9,0,0,No
9586,Cat,50025,2024-01-17,2024-01-24,44,1,0,1,1,2,0,0,Yes
4975,Rabbit,50026,2024-01-05,2024-01-17,46,1,0,0,1,6,0,0,No
1875,Dog,50027,2024-02-26,2024-03-02,35,1,0,0,2,4,0,0,No
7948,Dog,50028,2024-03-16,2024-03-19,26,0,0,0,1,5,0,0,Yes
2319,Dog,50029,2024-02-20,2024-02-25,58,1,0,1,2,4,0,0,No
3156,Dog,50030,2024-02-08,2024-02-09,42,1,1,0,1,1,1,0,No
3748,Cat,50031,2024-01-24,2024-02-04,39,1,0,1,1,9,0,0,No
8228,Dog,50032,2024-01-03,2024-01-11,35,0,1,1,1,3,0,0,No
4969,Cat,50033,2024-01-04,2024-01-10,23,1,0,0,2,9,0,0,No
3624,Dog,50034,2024-03-26,2024-04-06,32,1,1,1,1,7,0,0,No
2435,Cat,50035,2024-03-27,2024-04-02,46,1,0,0,2,5,0,0,Yes
8664,Cat,50036,2024-01-04,2024-01-05,27,0,0,1,1,1,0,0,No
9348,Cat,50037,2024-03-10,2024-03-14,19,0,1,1,2,6,0,0,Yes
4777,Dog,50038,2024-02-16,2024-02-21,20,1,0,1,2,4,0,0,Yes
4865,Cat,50039,2024-03-03,2024-03-16,42,1,0,1,3,0,0,0,No
2299,Dog,50040,2024-03-01,2024-03-08,43,1,0,1,1,9,0,0,No
2642,Cat,50041,2024-03-21,2024-03-24,37,0,1,1,2,3,0,0,No
9879,Cat,50042,2024-03-03,2024-03-14,42,1,0,0,2,7,0,0,No
2894,Dog,50043,2024-01-30,2024-01-31,18,0,0,1,1,5,1,0,No
5992,Cat,50044,2024-02-28,2024-03-08,41,1,0,0,1,5,0,0,Yes
4601,Dog,50045,2024-02-18,2024-03-01,63,0,0,0,2,0,0,0,Yes
8257,Dog,50046,2024-01-19,2024-01-28,74,0,0,1,2,6,0,0,Yes
3473,Bird,50047,2024-03-05,2024-03-15,49,1,0,0,1,6,0,0,No
3368,Dog,50048,2024-01-30,2024-02-01,57,1,1,0,1,0,0,0,No
3749,Dog,50049,2024-01-18,2024-02-01,43,0,0,0,1,0,0,0,Yes
7210,Dog,50050,2024-03-29,2024-04-08,41,1,0,0,1,6,0,0,No
4610,Cat,50051,2024-01-31,2024-02-06,24,1,0,0,3,6,1,0,No
7250,Dog,50052,2024-03-20,2024-03-21,30,1,0,0,1,1,0,0,No
7953,Cat,50053,2024-01-11,2024-01-24,69,1,1,0,1,2,0,0,No
1439,Cat,50054,2024-03-22,2024-04-01,51,0,0,1,1,3,0,0,Yes
7086,Cat,50055,2024-03-29,2024-04-07,63,0,0,0,1,1,0,0,No
5321,Dog,50056,2024-01-25,2024-01-31,66,1,0,1,1,7,0,0,No
3995,Bird,50057,2024-03-25,2024-04-07,60,0,0,1,2,1,0,0,No
8180,Cat,50058,2024-02-23,2024-02-28,41,0,0,1,3,7,0,0,Yes
5501,Dog,50059,2024-03-29,2024-04-08,28,1,0,0,1,0,0,0,No
5367,Cat,50060,2024-02-13,2024-02-25,20,0,0,1,1,0,0,0,No
1881,Cat,50061,2024-02-09,2024-02-23,19,1,0,0,1,5,0,0,Yes
9565,Dog,50062,2024-01-09,2024-01-19,46,1,0,0,3,3,0,0,No
3851,Cat,50063,2024-03-18,2024-03-31,54,1,0,0,3,8,0,0,No
4369,Dog,50064,2024-02-21,2024-03-06,27,1,0,0,2,1,0,0,No
3934,Cat,50065,2024-03-12,2024-03-20,65,1,0,0,2,2,0,0,Yes
2437,Cat,50066,2024-01-05,2024-01-10,24,1,0,0,2,0,0,0,No
2641,Cat,50067,2024-01-17,2024-01-19,21,1,1,1,1,5,0,0,No
3582,Rabbit,50068,2024-03-18,2024-03-20,36,1,0,1,1,1,1,0,No
7523,Cat,50069,2024-01-02,2024-01-07,48,1,0,0,1,7,0,0,No
6964,Bird,50070,2024-03-22,2024-03-25,26,1,0,1,1,4,0,0,No
7746,Cat,50071,2024-03-12,2024-03-23,57,1,0,1,1,9,1,0,No
8499,Dog,50072,2024-02-19,2024-02-25,39,1,1,1,1,1,0,0,Yes
3900,Cat,50073,2024-02-27,2024-03-04,56,0,0,0,1,1,0,0,Yes
5477,Dog,50074,2024-01-22,2024-02-02,26,0,0,0,1,5,0,0,Yes
6771,Dog,50075,2024-03-08,2024-03-20,74,0,0,0,1,3,0,0,No
8342,Cat,50076,2024-02-11,2024-02-13,21,1,1,0,1,9,1,0,No
4484,Cat,50077,2024-02-18,2024-02-21,46,1,1,1,2,2,1,0,No
8801,Dog,50078,2024-03-12,2024-03-14,18,1,0,0,2,0,0,0,No
6549,Rabbit,50079,2024-02-16,2024-02-29,66,1,1,0,2,7,0,0,No
5766,Cat,50080,2024-01-09,2024-01-22,30,1,0,0,1,6,0,0,No
8215,Cat,50081,2024-02-13,2024-02-17,70,1,0,0,2,7,0,0,No
7359,Dog,50082,2024-01-18,2024-01-22,19,0,0,0,1,7,0,0,No
3752,Cat,50083,2024-02-18,2024-02-26,55,0,0,1,1,7,0,0,Yes
8116,Cat,50084,2024-03-26,2024-03-29,22,1,0,1,2,7,0,0,No
8933,Dog,50085,2024-03-19,2024-03-21,30,1,1,0,2,2,0,0,No
2932,Rabbit,50086,2024-02-01,2024-02-04,29,1,1,0,1,0,0,0,No
7473,Bird,50087,2024-01-15,2024-01-29,55,1,0,0,2,0,0,0,Yes
4127,Dog,50088,2024-01-18,2024-01-31,21,0,1,0,1,6,0,0,Yes
5368,Cat,50089,2024-01-11,2024-01-17,68,1,1,0,2,9,1,0,No
6783,Cat,50090,2024-01-04,2024-01-16,49,0,1,0,2,2,0,0,Yes
5834,Dog,50091,2024-02-15,2024-02-16,23,1,1,0,1,7,0,0,No
8532,Cat,50092,2024-02-27,2024-03-12,73,1,0,0,1,2,1,0,No
1927,Cat,50093,2024-03-27,2024-04-01,24,1,0,0,1,1,0,0,No
3077,Dog,50094,2024-03-26,2024-04-06,61,0,0,0,1,9,0,0,Yes
7855,Dog,50095,2024-03-30,2024-04-09,63,1,0,0,1,0,0,0,No
6549,Cat,50096,2024-03-06,2024-03-10,71,0,0,0,1,7,0,0,No
8081,Bird,50097,2024-02-12,2024-02-19,72,1,0,1,2,9,0,0,No
2725,Dog,50098,2024-03-29,2024-03-31,19,1,0,0,1,1,0,0,No
8654,Dog,50099,2024-01-25,2024-02-03,20,1,0,1,3,5,0,0,No
4238,Cat,50100,2024-03-12,2024-03-22,45,1,1,1,2,1,1,0,Yes
8464,Cat,50101,2024-02-29,2024-03-03,64,0,0,1,1,7,1,0,Yes
6766,Dog,50102,2024-01-12,2024-01-23,27,0,0,0,1,8,0,0,Yes
1173,Dog,50103,2024-02-13,2024-02-20,36,1,0,0,1,7,0,0,No
5312,Cat,50104,2024-03-05,2024-03-06,46,1,0,1,1,9,0,0,No
8173,Cat,50105,2024-02-26,2024-03-02,56,1,0,0,2,3,0,0,Yes
9314,Cat,50106,2024-02-13,2024-02-14,30,1,0,0,2,1,0,0,No
1546,Dog,50107,2024-02-13,2024-02-19,64,0,0,1,1,7,0,0,No
2692,Dog,50108,2024-03-01,2024-03-04,49,1,0,0,3,2,0,0,No
9934,Dog,50109,2024-01-10,2024-01-19,55,1,0,0,1,5,0,0,No
7359,Bird,50110,2024-03-29,2024-04-08,30,0,0,0,1,8,0,0,Yes
7048,Cat,50111,2024-02-28,2024-03-12,39,1,0,0,1,6,0,0,No
9090,Cat,50112,2024-01-22,2024-02-05,20,0,1,0,1,4,0,0,Yes
3140,Bird,50113,2024-02-19,2024-03-02,35,0,0,0,2,8,0,0,No
1737,Dog,50114,2024-03-12,2024-03-21,19,1,0,0,2,5,0,0,No
1327,Cat,50115,2024-03-23,2024-04-06,21,0,1,0,2,3,0,0,Yes
8183,Dog,50116,2024-01-05,2024-01-19,66,0,0,1,1,3,0,0,No
1272,Cat,50117,2024-02-14,2024-02-21,30,0,1,0,1,5,0,0,No
7780,Cat,50118,2024-01-09,2024-01-19,46,1,1,1,1,1,0,0,No
6388,Cat,50119,2024-03-27,2024-04-04,73,1,0,0,2,5,0,0,No
1888,Bird,50120,2024-02-01,2024-02-14,40,0,0,0,1,3,0,0,No
6914,Cat,50121,2024-01-22,2024-01-31,48,0,1,0,2,6,0,0,Yes
2593,Bird,50122,2024-02-23,2024-03-08,42,0,0,0,1,3,0,0,Yes
3144,Bird,50123,2024-01-07,2024-01-08,70,1,0,1,1,2,0,0,No
1174,Cat,50124,2024-03-09,2024-03-21,57,1,0,0,1,6,0,0,Yes
8287,Rabbit,50125,2024-02-07,2024-02-17,29,1,0,1,2,5,0,0,No
6294,Dog,50126,2024-02-21,2024-02-29,25,0,0,0,2,0,1,0,No
9944,Dog,50127,2024-02-07,2024-02-09,20,1,0,0,1,8,0,0,No
6739,Cat,50128,2024-02-05,2024-02-08,50,1,0,1,2,8,0,0,No
2811,Bird,50129,2024-02-25,2024-02-29,67,0,1,0,2,8,0,0,Yes
7449,Dog,50130,2024-01-20,2024-01-26,50,0,0,0,1,4,0,0,Yes
9462,Cat,50131,2024-01-12,2024-01-17,74,0,0,0,1,1,0,0,Yes
1551,Bird,50132,2024-02-18,2024-02-24,55,1,0,0,1,0,0,0,No
6115,Cat,50133,2024-03-19,2024-03-27,40,1,0,1,3,0,0,0,No
9419,Cat,50134,2024-03-07,2024-03-15,35,1,0,0,1,7,0,0,No
5635,Cat,50135,2024-02-09,2024-02-22,54,1,0,0,1,5,1,0,No
5699,Cat,50136,2024-02-23,2024-02-27,61,1,0,1,2,1,0,0,No
2663,Bird,50137,2024-01-16,2024-01-30,29,1,0,0,2,0,0,0,No
9947,Dog,50138,2024-03-03,2024-03-15,55,1,0,1,1,1,0,0,No
3397,Cat,50139,2024-02-19,2024-02-27,36,1,0,1,2,7,0,0,No
3581,Cat,50140,2024-02-01,2024-02-06,28,0,0,0,1,4,0,1,No
8794,Cat,50141,2024-01-07,2024-01-18,19,1,0,0,1,7,0,0,No
4686,Bird,50142,2024-03-07,2024-03-14,49,1,0,0,1,1,1,0,No
8040,Dog,50143,2024-02-10,2024-02-16,72,0,0,1,1,3,0,0,No
3351,Cat,50144,2024-03-08,2024-03-21,19,0,0,0,1,9,1,0,No
7237,Rabbit,50145,2024-02-16,2024-02-29,39,1,1,1,1,6,0,0,Yes
7800,Dog,50146,2024-01-22,2024-01-25,66,1,0,0,1,3,0,0,No
8559,Dog,50147,2024-03-23,2024-03-25,67,1,0,1,2,3,0,0,No
9579,Dog,50148,2024-02-13,2024-02-17,59,1,0,0,1,3,0,0,No
7020,Cat,50149,2024-03-19,2024-03-24,39,0,0,1,2,4,1,0,No
3793,Dog,50150,2024-03-12,2024-03-13,21,1,0,0,2,6,0,0,No
5289,Rabbit,50151,2024-02-07,2024-02-21,42,1,0,0,3,7,0,0,No
1332,Cat,50152,2024-03-28,2024-03-31,38,1,0,0,1,7,0,0,Yes
5632,Cat,50153,2024-02-12,2024-02-16,35,1,1,1,1,7,0,0,No
6049,Dog,50154,2024-02-14,2024-02-17,21,1,0,0,2,7,0,0,No
3284,Dog,50155,2024-02-04,2024-02-05,33,1,0,1,2,6,0,0,No
9107,Cat,50156,2024-03-04,2024-03-10,19,1,0,0,1,8,0,0,No
1478,Dog,50157,2024-03-01,2024-03-02,46,0,0,0,1,3,0,1,Yes
9135,Dog,50158,2024-02-20,2024-02-22,21,1,0,0,1,6,0,0,No
5919,Cat,50159,2024-03-24,2024-04-07,41,1,0,0,3,8,1,0,No
5893,Rabbit,50160,2024-01-21,2024-01-22,38,1,0,0,2,8,0,0,No
3223,Cat,50161,2024-02-26,2024-03-11,59,1,1,1,1,6,0,0,No
5784,Dog,50162,2024-02-25,2024-03-05,23,1,1,0,1,2,0,0,No
1114,Dog,50163,2024-01-31,2024-02-08,32,1,0,0,1,6,0,0,No
6260,Cat,50164,2024-03-12,2024-03-25,43,0,0,1,2,9,0,0,Yes
1052,Dog,50165,2024-02-14,2024-02-22,20,0,0,0,2,2,0,0,No
3226,Dog,50166,2024-03-17,2024-03-26,52,1,0,1,3,2,0,0,No
9326,Cat,50167,2024-02-04,2024-02-09,22,0,0,0,1,3,1,0,No
2885,Rabbit,50168,2024-01-12,2024-01-21,35,1,0,0,1,0,0,0,No
5832,Rabbit,50169,2024-02-15,2024-02-27,46,1,0,1,1,6,0,0,No
8578,Cat,50170,2024-01-31,2024-02-06,57,0,0,0,2,7,0,0,No
7207,Bird,50171,2024-02-16,2024-02-25,74,1,0,1,1,5,0,1,Yes
2987,Dog,50172,2024-03-23,2024-04-05,41,1,0,0,1,8,0,0,Yes
1718,Cat,50173,2024-02-22,2024-03-06,52,0,0,0,3,1,0,0,No
6671,Bird,50174,2024-01-26,2024-01-30,34,0,0,0,1,5,1,0,No
3946,Cat,50175,2024-01-12,2024-01-20,63,0,0,0,1,0,0,0,No
4137,Cat,50176,2024-03-30,2024-04-07,32,0,0,1,1,3,1,0,No
9500,Cat,50177,2024-02-13,2024-02-23,57,1,0,0,2,0,0,0,Yes
9266,Cat,50178,2024-02-20,2024-03-02,27,1,0,0,3,6,0,0,No
8187,Dog,50179,2024-02-12,2024-02-20,74,1,0,1,3,4,0,0,Yes
3011,Dog,50180,2024-01-24,2024-01-29,63,1,0,1,2,6,0,0,No
5335,Cat,50181,2024-03-13,2024-03-23,45,0,0,0,1,0,0,0,Yes
4810,Rabbit,50182,2024-02-08,2024-02-17,44,1,0,0,1,7,0,0,Yes
6514,Cat,50183,2024-02-24,2024-03-06,54,1,0,0,1,4,0,0,No
5016,Cat,50184,2024-03-23,2024-04-04,61,1,0,0,1,5,0,0,No
4506,Dog,50185,2024-03-25,2024-03-27,25,0,0,0,1,1,0,0,Yes
7246,Bird,50186,2024-02-08,2024-02-13,27,1,0,1,1,9,0,0,No
8332,Dog,50187,2024-01-23,2024-02-03,66,0,0,0,1,5,0,0,Yes
3718,Rabbit,50188,2024-03-01,2024-03-08,30,1,0,0,1,8,0,0,No
8339,Rabbit,50189,2024-01-31,2024-02-04,36,1,0,0,1,1,0,1,No
4689,Bird,50190,2024-03-18,2024-03-29,72,0,1,0,3,8,0,0,No
6486,Cat,50191,2024-02-02,2024-02-15,59,1,0,0,1,9,0,0,No
6718,Dog,50192,2024-01-14,2024-01-15,44,1,0,0,1,2,0,0,No
8459,Dog,50193,2024-02-16,2024-02-26,71,0,0,0,2,3,0,0,Yes
2036,Cat,50194,2024-03-02,2024-03-09,74,1,0,0,2,1,0,0,No
2916,Dog,50195,2024-01-27,2024-01-31,48,0,0,0,3,5,0,0,No
8661,Cat,50196,2024-03-26,2024-04-09,72,1,0,0,1,5,0,0,No
7175,Cat,50197,2024-02-28,2024-03-08,33,1,0,1,1,9,0,0,No
4991,Cat,50198,2024-03-21,2024-03-22,70,0,0,1,2,5,0,0,No
9933,Cat,50199,2024-01-05,2024-01-15,55,1,0,0,2,3,0,1,No
9013,Rabbit,50200,2024-01-15,2024-01-21,43,1,0,0,1,9,0,0,No
7085,Cat,50201,2024-02-22,2024-02-24,49,0,1,0,1,7,0,0,Yes
2960,Dog,50202,2024-03-28,2024-04-05,43,0,0,1,3,1,0,0,Yes
2514,Cat,50203,2024-03-11,2024-03-14,52,1,0,0,1,1,0,0,No
6953,Rabbit,50204,2024-03-09,2024-03-20,43,1,0,0,1,3,0,0,Yes
8859,Cat,50205,2024-02-12,2024-02-17,50,0,0,0,1,5,1,0,No
3699,Rabbit,50206,2024-01-06,2024-01-09,74,0,0,0,1,9,0,0,No
5880,Bird,50207,2024-01-08,2024-01-19,25,1,0,0,1,2,0,0,No
8704,Cat,50208,2024-02-03,2024-02-05,35,1,0,0,3,2,0,0,No
5865,Dog,50209,2024-01-13,2024-01-24,58,1,1,0,1,9,0,0,Yes
5384,Cat,50210,2024-02-23,2024-02-27,35,0,1,0,1,1,0,0,No
8638,Dog,50211,2024-03-23,2024-03-29,38,0,0,0,1,2,0,0,Yes
7592,Dog,50212,2024-01-27,2024-02-04,27,1,0,1,1,7,0,0,No
2930,Dog,50213,2024-02-13,2024-02-14,27,1,1,1,1,1,1,0,No
3206,Cat,50214,2024-03-19,2024-03-29,45,0,0,0,3,3,0,0,No
9950,Rabbit,50215,2024-03-06,2024-03-08,51,0,0,0,1,4,1,0,No
6652,Cat,50216,2024-02-18,2024-03-02,37,1,0,1,2,7,0,0,No
7899,Dog,50217,2024-01-29,2024-02-09,60,1,0,1,1,7,0,0,No
2697,Dog,50218,2024-01-18,2024-01-21,32,1,0,0,2,4,0,0,No
9840,Dog,50219,2024-02-19,2024-02-25,47,1,1,1,1,1,0,0,Yes
1340,Dog,50220,2024-02-02,2024-02-09,24,0,0,0,2,1,0,1,No
8554,Cat,50221,2024-03-05,2024-03-08,71,1,1,0,1,0,0,0,No
5406,Cat,50222,2024-03-15,2024-03-19,46,0,0,1,2,0,0,0,Yes
1443,Dog,50223,2024-03-11,2024-03-21,70,1,0,1,2,4,0,0,Yes
2929,Cat,50224,2024-01-11,2024-01-25,72,0,0,1,2,1,0,0,Yes
8392,Cat,50225,2024-03-08,2024-03-17,65,1,1,0,2,7,0,0,No
9356,Bird,50226,2024-01-26,2024-01-29,26,1,0,1,1,0,0,0,Yes
7899,Bird,50227,2024-01-27,2024-01-28,39,1,0,1,2,5,0,0,No
8426,Dog,50228,2024-03-29,2024-04-12,27,0,0,0,1,9,0,0,Yes
3139,Bird,50229,2024-03-06,2024-03-12,48,0,0,0,2,4,0,0,No
3067,Dog,50230,2024-02-22,2024-03-02,56,1,0,1,1,2,0,0,No
8260,Dog,50231,2024-01-03,2024-01-09,64,1,1,0,1,1,0,0,No
5515,Cat,50232,2024-02-12,2024-02-20,67,0,0,1,1,0,0,1,No
8603,Dog,50233,2024-01-29,2024-02-11,73,0,1,0,1,5,0,0,Yes
1493,Cat,50234,2024-02-27,2024-03-10,23,1,1,0,2,0,0,0,No
6066,Cat,50235,2024-01-07,2024-01-09,72,0,0,0,1,0,0,0,No
8764,Dog,50236,2024-01-28,2024-02-09,50,1,0,0,2,3,1,0,No
5322,Cat,50237,2024-02-17,2024-02-27,42,0,0,0,1,7,0,0,Yes
7886,Cat,50238,2024-03-18,2024-03-24,65,1,0,0,1,3,0,1,No
6291,Cat,50239,2024-02-23,2024-02-25,43,1,0,0,1,8,0,0,No
1286,Dog,50240,2024-03-21,2024-03-28,23,0,0,0,1,5,0,0,Yes
1307,Bird,50241,2024-02-19,2024-02-21,23,0,0,1,1,2,0,0,No
8352,Cat,50242,2024-01-14,2024-01-16,58,0,0,1,1,3,0,0,No
1220,Dog,50243,2024-03-13,2024-03-27,71,1,1,1,1,8,0,0,No
5606,Cat,50244,2024-01-10,2024-01-16,42,0,0,0,1,3,0,0,No
8383,Cat,50245,2024-01-07,2024-01-13,48,0,1,1,2,5,0,0,Yes
7062,Dog,50246,2024-03-13,2024-03-19,62,0,0,0,3,0,0,0,No
1231,Cat,50247,2024-03-29,2024-04-07,67,1,0,0,2,1,0,0,Yes
8637,Dog,50248,2024-02-04,2024-02-07,59,1,0,1,1,7,0,0,No
4277,Dog,50249,2024-03-18,2024-03-23,63,1,0,1,1,8,0,0,No
1848,Cat,50250,2024-02-27,2024-03-07,63,1,1,0,1,2,0,0,Yes
2032,Cat,50251,2024-03-05,2024-03-13,73,1,0,0,1,4,0,0,No
8871,Cat,50252,2024-02-24,2024-03-07,58,1,0,1,1,5,0,1,No
7286,Cat,50253,2024-01-25,2024-02-03,39,1,0,0,2,2,0,0,No
9790,Cat,50254,2024-01-04,2024-01-09,40,0,0,0,1,5,0,0,Yes
7208,Cat,50255,2024-01-03,2024-01-04,44,1,1,0,2,9,0,0,No
7856,Cat,50256,2024-03-06,2024-03-12,25,0,0,1,3,1,1,0,Yes
7441,Cat,50257,2024-02-22,2024-03-04,29,0,0,0,1,9,0,0,No
4929,Dog,50258,2024-02-05,2024-02-15,61,0,1,0,3,1,1,0,Yes
6530,Cat,50259,2024-02-29,2024-03-07,45,0,1,0,1,9,0,0,No
9519,Bird,50260,2024-03-13,2024-03-23,54,1,0,0,3,2,0,0,Yes
1635,Dog,50261,2024-01-20,2024-01-23,52,1,0,0,1,0,0,0,No
7745,Cat,50262,2024-01-14,2024-01-18,47,1,0,0,1,3,0,0,No
5064,Cat,50263,2024-02-15,2024-02-16,55,1,0,0,1,5,0,0,No
8184,Dog,50264,2024-02-06,2024-02-09,41,1,0,0,1,4,0,0,No
8231,Dog,50265,2024-02-26,2024-03-02,41,1,0,1,1,0,1,0,No
6297,Cat,50266,2024-01-01,2024-01-11,19,1,0,0,1,5,0,0,No
4978,Dog,50267,2024-03-03,2024-03-15,33,1,0,0,1,4,1,0,Yes
6479,Dog,50268,2024-01-28,2024-02-07,23,0,1,0,1,5,0,0,No
4801,Cat,50269,2024-02-10,2024-02-15,70,0,1,0,2,6,0,0,Yes
7660,Dog,50270,2024-02-03,2024-02-08,54,0,1,1,1,9,0,0,No
2912,Bird,50271,2024-03-21,2024-03-26,44,0,1,0,1,3,0,0,No
2261,Dog,50272,2024-01-31,2024-02-07,50,0,1,0,1,9,0,0,No
1215,Cat,50273,2024-02-14,2024-02-19,69,0,0,0,2,6,0,0,No
8724,Bird,50274,2024-02-10,2024-02-21,49,1,0,0,1,1,0,0,Yes
1054,Dog,50275,2024-01-04,2024-01-08,66,1,0,0,1,6,1,0,No
5239,Cat,50276,2024-01-21,2024-01-22,49,1,0,0,3,8,0,0,No
1180,Rabbit,50277,2024-01-07,2024-01-08,43,1,1,0,1,6,0,0,No
2067,Bird,50278,2024-02-16,2024-02-20,65,1,0,0,1,3,0,0,No
9954,Dog,50279,2024-03-04,2024-03-07,64,1,0,1,2,4,0,0,No
1991,Dog,50280,2024-02-07,2024-02-15,65,0,0,1,3,1,1,0,Yes
9457,Cat,50281,2024-03-09,2024-03-23,23,0,0,0,1,9,0,0,Yes
3333,Dog,50282,2024-01-26,2024-02-02,55,1,0,0,1,0,0,0,No
6217,Rabbit,50283,2024-01-19,2024-01-24,36,0,0,0,1,2,0,0,No
4419,Cat,50284,2024-01-23,2024-01-30,25,0,0,0,1,2,0,0,Yes
3919,Cat,50285,2024-03-23,2024-03-26,69,1,0,1,2,9,0,0,No
4531,Bird,50286,2024-01-10,2024-01-17,26,0,0,1,3,3,0,0,No
2564,Cat,50287,2024-02-23,2024-02-25,54,1,1,0,1,9,0,0,No
7969,Cat,50288,2024-01-09,2024-01-11,55,1,0,0,1,1,0,0,No
9340,Dog,50289,2024-02-28,2024-03-09,23,1,0,0,3,5,0,0,Yes
1930,Rabbit,50290,2024-01-02,2024-01-13,74,1,0,1,1,3,0,0,No
6516,Dog,50291,2024-03-27,2024-04-07,25,1,1,1,1,2,0,1,No
1005,Dog,50292,2024-02-01,2024-02-11,51,1,0,1,1,6,1,0,Yes
8125,Cat,50293,2024-03-16,2024-03-19,51,0,1,0,1,4,0,0,Yes
5476,Bird,50294,2024-01-01,2024-01-14,28,1,0,1,1,2,0,0,No
2913,Cat,50295,2024-03-20,2024-03-31,54,1,0,1,1,0,0,0,No
2385,Dog,50296,2024-01-02,2024-01-10,52,0,0,0,2,9,0,0,Yes
7418,Cat,50297,2024-02-27,2024-03-10,54,0,0,1,1,9,0,0,No
7276,Dog,50298,2024-01-07,2024-01-18,69,1,0,1,2,9,0,0,No
9312,Bird,50299,2024-03-22,2024-03-26,37,1,1,1,1,7,0,0,No
5952,Cat,50300,2024-01-16,2024-01-21,31,1,0,1,2,7,0,0,No
2278,Dog,50301,2024-03-16,2024-03-27,22,1,0,1,1,8,0,0,No
1150,Dog,50302,2024-01-06,2024-01-19,64,1,0,0,2,8,0,0,No
1194,Dog,50303,2024-02-22,2024-02-28,55,0,0,0,3,4,1,0,No
2431,Dog,50304,2024-02-25,2024-03-04,48,1,0,1,1,8,0,0,No
3519,Dog,50305,2024-03-28,2024-04-09,18,1,0,1,3,9,1,0,No
9192,Dog,50306,2024-01-27,2024-01-29,28,1,0,0,1,9,0,0,Yes
6305,Cat,50307,2024-02-17,2024-03-01,18,1,1,0,2,0,0,0,No
8253,Cat,50308,2024-02-28,2024-03-10,25,1,0,0,2,5,0,0,Yes
3504,Bird,50309,2024-02-14,2024-02-23,44,1,0,0,2,7,0,0,No
5127,Dog,50310,2024-03-19,2024-03-20,49,1,1,1,1,3,0,0,No
5200,Dog,50311,2024-01-15,2024-01-19,21,1,0,0,2,9,0,0,No
5149,Bird,50312,2024-03-11,2024-03-22,54,1,0,0,1,0,1,0,No
7119,Cat,50313,2024-02-09,2024-02-16,34,1,0,0,1,3,0,0,No
8500,Dog,50314,2024-03-22,2024-03-31,41,1,0,0,1,0,0,0,No
9015,Cat,50315,2024-03-01,2024-03-05,69,1,0,0,1,6,0,0,No
1947,Cat,50316,2024-01-03,2024-01-10,18,1,0,0,1,8,0,0,No
3697,Dog,50317,2024-03-28,2024-04-01,23,1,0,1,2,0,0,0,No
8616,Dog,50318,2024-01-10,2024-01-15,42,1,0,0,1,9,0,0,No
5281,Cat,50319,2024-02-21,2024-03-04,49,1,1,0,1,4,0,0,No
8039,Bird,50320,2024-02-11,2024-02-16,31,1,1,0,2,6,0,0,No
1631,Rabbit,50321,2024-01-18,2024-01-22,72,0,0,0,1,4,0,0,Yes
7087,Dog,50322,2024-02-06,2024-02-13,54,0,0,0,3,9,1,0,No
1029,Cat,50323,2024-01-16,2024-01-21,32,1,0,1,2,8,0,0,No
3470,Rabbit,50324,2024-02-29,2024-03-14,37,0,0,0,1,8,0,0,No
7225,Cat,50325,2024-02-16,2024-02-24,32,1,1,1,2,2,1,0,No
5333,Rabbit,50326,2024-01-17,2024-01-19,47,0,0,0,1,6,0,0,No
2523,Cat,50327,2024-01-23,2024-02-05,33,1,0,0,1,9,0,0,No
6878,Dog,50328,2024-01-15,2024-01-18,47,1,0,0,1,8,1,1,No
2825,Dog,50329,2024-03-29,2024-03-31,42,1,0,1,1,2,0,0,Yes
1761,Cat,50330,2024-02-22,2024-02-25,20,0,0,0,1,6,0,0,Yes
6808,Cat,50331,2024-01-14,2024-01-25,60,1,0,0,2,1,1,0,No
8731,Cat,50332,2024-03-03,2024-03-16,49,1,0,0,2,6,0,0,No
1956,Bird,50333,2024-02-15,2024-02-29,53,1,1,1,2,9,0,0,No
3740,Cat,50334,2024-01-04,2024-01-07,51,1,0,0,2,8,0,0,No
3634,Cat,50335,2024-03-05,2024-03-09,40,1,0,0,1,2,0,0,No
4608,Dog,50336,2024-03-13,2024-03-14,33,0,0,1,1,8,0,0,No
1082,Dog,50337,2024-03-20,2024-04-01,59,1,0,1,1,1,0,0,No
5328,Cat,50338,2024-02-01,2024-02-12,54,1,0,1,3,2,0,0,No
8932,Dog,50339,2024-03-23,2024-03-27,30,1,1,0,1,2,0,0,No
6934,Cat,50340,2024-01-16,2024-01-28,39,1,0,0,2,0,0,0,No
1988,Cat,50341,2024-01-04,2024-01-10,65,1,0,0,1,5,1,0,No
1338,Dog,50342,2024-02-12,2024-02-26,37,1,1,0,1,7,0,0,Yes
4146,Cat,50343,2024-03-19,2024-03-30,64,1,0,0,1,2,0,0,No
7214,Cat,50344,2024-02-27,2024-03-07,56,1,0,0,1,0,0,0,No
9730,Bird,50345,2024-01-17,2024-01-23,27,1,0,0,1,9,0,0,Yes
5987,Dog,50346,2024-03-06,2024-03-20,22,1,0,0,1,4,0,0,Yes
1333,Bird,50347,2024-01-31,2024-02-04,27,0,0,0,1,0,0,0,Yes
6620,Dog,50348,2024-03-11,2024-03-18,74,0,0,1,2,6,0,0,No
4875,Dog,50349,2024-03-11,2024-03-20,72,1,1,0,2,9,1,0,No
1620,Cat,50350,2024-02-06,2024-02-09,65,1,0,0,1,4,0,0,No
7289,Dog,50351,2024-03-04,2024-03-09,46,0,0,0,2,6,0,0,No
6728,Rabbit,50352,2024-02-27,2024-03-11,58,1,1,1,1,2,0,0,No
1925,Dog,50353,2024-02-29,2024-03-06,47,1,0,1,1,6,0,0,No
4191,Dog,50354,2024-01-09,2024-01-15,42,1,0,1,2,7,0,0,No
4848,Dog,50355,2024-02-19,2024-02-24,70,1,1,0,1,6,1,0,No
4457,Dog,50356,2024-01-07,2024-01-12,23,0,0,0,1,2,0,1,No
2381,Dog,50357,2024-01-14,2024-01-22,43,1,0,0,1,6,0,0,No
3737,Dog,50358,2024-01-24,2024-02-05,25,1,0,0,1,8,0,0,No
1799,Dog,50359,2024-03-09,2024-03-13,49,1,1,0,1,1,0,0,No
6757,Cat,50360,2024-03-29,2024-04-02,42,1,0,0,1,2,0,0,No
2017,Dog,50361,2024-01-10,2024-01-11,62,1,0,0,1,1,0,0,Yes
7166,Dog,50362,2024-03-15,2024-03-28,68,0,0,0,1,8,0,1,Yes
8605,Dog,50363,2024-03-02,2024-03-07,43,1,0,1,2,3,0,0,Yes
3386,Bird,50364,2024-03-08,2024-03-09,41,1,0,0,2,7,0,0,No
3708,Cat,50365,2024-01-01,2024-01-03,70,1,0,0,1,8,0,0,No
7189,Cat,50366,2024-03-23,2024-03-31,74,0,0,0,2,3,0,0,Yes
1342,Cat,50367,2024-02-25,2024-02-28,40,1,1,0,3,7,0,0,No
1025,Rabbit,50368,2024-01-26,2024-01-28,67,0,0,1,1,9,0,0,No
5818,Dog,50369,2024-02-26,2024-03-03,68,1,0,1,1,6,0,0,No
3846,Cat,50370,2024-02-02,2024-02-09,20,1,0,0,1,7,0,0,No
4240,Dog,50371,2024-03-30,2024-04-02,69,1,0,1,1,3,0,0,No
2585,Cat,50372,2024-02-11,2024-02-22,51,1,1,0,1,2,0,0,Yes
1972,Dog,50373,2024-01-15,2024-01-23,37,1,0,0,2,0,0,1,No
8711,Dog,50374,2024-02-01,2024-02-03,22,1,0,0,1,1,0,0,No
3774,Dog,50375,2024-01-06,2024-01-19,35,1,0,0,3,9,0,0,No
8304,Cat,50376,2024-02-09,2024-02-21,45,0,0,1,1,8,0,0,Yes
8280,Rabbit,50377,2024-02-13,2024-02-22,31,1,0,0,3,1,0,0,Yes
5142,Cat,50378,2024-02-19,2024-03-01,58,1,0,0,3,9,1,0,Yes
1425,Rabbit,50379,2024-03-19,2024-03-23,28,0,1,0,1,6,0,0,No
3005,Rabbit,50380,2024-03-08,2024-03-16,35,1,0,0,1,6,0,0,No
9305,Dog,50381,2024-02-17,2024-02-20,51,0,1,0,2,8,0,0,No
5705,Rabbit,50382,2024-03-14,2024-03-19,38,1,0,0,2,6,1,0,No
3753,Cat,50383,2024-01-26,2024-02-09,59,1,1,0,3,8,0,0,No
8386,Bird,50384,2024-02-01,2024-02-05,63,0,0,0,1,2,0,0,Yes
3672,Rabbit,50385,2024-01-30,2024-02-04,56,1,0,0,2,9,0,0,No
3756,Cat,50386,2024-03-29,2024-04-05,48,1,0,0,2,6,0,0,No
9864,Cat,50387,2024-03-28,2024-04-07,40,1,0,1,1,3,0,0,No
3670,Cat,50388,2024-03-23,2024-03-27,25,0,0,1,1,9,0,0,No
5476,Dog,50389,2024-02-16,2024-02-21,69,1,0,1,2,3,0,0,No
2246,Cat,50390,2024-02-21,2024-02-27,73,0,0,0,2,5,0,0,No
8962,Dog,50391,2024-01-16,2024-01-23,28,1,0,1,1,8,0,0,No
9503,Cat,50392,2024-01-27,2024-02-01,59,0,0,0,1,2,0,0,No
6634,Cat,50393,2024-03-24,2024-03-28,20,0,1,0,1,5,0,1,No
4342,Cat,50394,2024-01-30,2024-02-13,46,1,0,0,2,2,0,0,No
5412,Dog,50395,2024-03-21,2024-03-28,64,0,0,1,1,2,0,0,Yes
8796,Rabbit,50396,2024-01-30,2024-02-08,59,0,0,0,1,9,0,0,No
9194,Cat,50397,2024-02-17,2024-02-21,39,1,0,1,2,6,1,0,No
5774,Dog,50398,2024-01-06,2024-01-10,65,1,0,1,1,4,0,0,No
7793,Cat,50399,2024-02-07,2024-02-09,68,0,0,0,1,1,0,0,No
9638,Dog,50400,2024-02-21,2024-03-04,30,1,0,0,1,5,0,0,No
7773,Cat,50401,2024-03-05,2024-03-17,62,0,0,0,2,1,0,0,No
7330,Dog,50402,2024-02-11,2024-02-14,46,1,0,0,1,6,0,0,No
2334,Dog,50403,2024-01-01,2024-01-05,18,1,0,0,2,5,0,0,No
8045,Cat,50404,2024-03-25,2024-04-02,57,1,0,0,1,3,0,0,Yes
5835,Cat,50405,2024-02-03,2024-02-07,38,1,0,1,2,7,0,0,No
8450,Cat,50406,2024-03-12,2024-03-20,41,1,1,0,2,6,0,0,Yes
1123,Cat,50407,2024-03-26,2024-04-01,26,1,0,1,1,0,1,1,Yes
1504,Cat,50408,2024-03-09,2024-03-15,55,1,0,1,1,2,0,0,Yes
6752,Cat,50409,2024-02-21,2024-02-28,50,1,0,1,1,3,0,1,No
9942,Dog,50410,2024-02-22,2024-02-28,20,1,1,0,1,5,0,0,Yes
3370,Dog,50411,2024-02-20,2024-03-01,41,1,1,0,2,7,0,0,No
3480,Rabbit,50412,2024-01-23,2024-02-04,20,0,0,0,1,9,0,0,No
8596,Dog,50413,2024-03-19,2024-03-26,58,0,0,1,1,5,0,0,No
1388,Cat,50414,2024-03-12,2024-03-15,54,1,0,0,1,1,0,0,No
6190,Cat,50415,2024-03-20,2024-03-27,34,0,0,1,1,1,0,1,Yes
9765,Cat,50416,2024-01-17,2024-01-20,64,0,0,0,1,8,0,0,Yes
2019,Dog,50417,2024-03-23,2024-03-24,56,1,0,0,1,3,0,0,No
1836,Dog,50418,2024-01-20,2024-01-21,61,1,0,0,2,5,1,0,No
8594,Dog,50419,2024-01-25,2024-01-26,37,0,0,0,3,1,1,0,No
3465,Dog,50420,2024-02-05,2024-02-06,25,0,1,0,1,7,0,0,No
2964,Dog,50421,2024-03-14,2024-03-20,59,0,0,0,1,1,0,0,No
4907,Rabbit,50422,2024-02-13,2024-02-14,27,1,0,0,1,7,0,0,No
7057,Bird,50423,2024-01-25,2024-02-03,71,1,0,0,1,6,0,0,No
1850,Bird,50424,2024-01-22,2024-01-26,57,1,0,1,1,6,0,0,No
8036,Cat,50425,2024-03-30,2024-04-10,42,0,0,0,1,5,1,0,No
3078,Dog,50426,2024-02-23,2024-03-01,66,1,0,0,1,0,0,0,No
9607,Dog,50427,2024-02-28,2024-02-29,37,0,0,0,1,8,0,0,No
9844,Cat,50428,2024-03-30,2024-04-08,21,1,1,0,1,6,0,0,No
1527,Dog,50429,2024-03-05,2024-03-19,43,0,0,0,1,4,1,0,No
6904,Cat,50430,2024-03-09,2024-03-18,26,1,0,0,1,2,0,0,No
3336,Cat,50431,2024-03-24,2024-04-02,71,1,1,0,2,0,0,0,No
3883,Cat,50432,2024-03-15,2024-03-23,72,1,0,1,1,7,1,0,No
1650,Cat,50433,2024-03-16,2024-03-26,26,0,0,0,2,3,0,0,Yes
4815,Dog,50434,2024-02-07,2024-02-16,26,1,0,0,2,7,0,0,No
8966,Cat,50435,2024-02-25,2024-03-06,31,1,1,0,3,2,0,0,No
4185,Cat,50436,2024-01-21,2024-02-01,22,1,0,1,3,4,0,1,No
6689,Dog,50437,2024-01-26,2024-02-07,50,1,0,0,2,7,0,0,No
7154,Cat,50438,2024-01-28,2024-02-05,37,1,0,0,1,6,0,0,No
6423,Bird,50439,2024-01-24,2024-02-06,23,1,0,0,1,7,0,0,No
2081,Bird,50440,2024-02-05,2024-02-16,39,0,1,0,1,4,0,0,Yes
5615,Bird,50441,2024-03-26,2024-03-27,24,1,0,0,2,2,0,0,No
6621,Dog,50442,2024-03-29,2024-04-07,53,0,1,0,1,5,0,0,No
5307,Bird,50443,2024-03-29,2024-04-11,65,0,0,0,1,1,0,0,Yes
3032,Dog,50444,2024-02-27,2024-03-06,44,0,0,0,1,7,0,0,No
1023,Cat,50445,2024-01-24,2024-01-30,71,1,0,0,2,9,0,0,No
3658,Dog,50446,2024-02-16,2024-02-28,28,1,0,0,3,4,1,0,No
1937,Cat,50447,2024-01-08,2024-01-12,39,0,0,0,1,1,1,0,No
6387,Dog,50448,2024-01-07,2024-01-20,37,1,0,0,1,4,0,0,Yes
4068,Cat,50449,2024-01-27,2024-01-29,56,1,1,0,1,1,1,0,No
4488,Dog,50450,2024-02-01,2024-02-07,55,1,1,1,1,6,1,0,No
3792,Dog,50451,2024-03-18,2024-03-23,38,0,0,1,1,4,0,0,No
3487,Cat,50452,2024-01-26,2024-02-06,29,0,1,0,1,5,0,0,Yes
8997,Dog,50453,2024-01-05,2024-01-07,57,1,0,0,1,5,0,1,No
4923,Dog,50454,2024-02-05,2024-02-10,45,0,0,0,2,5,0,1,Yes
7923,Cat,50455,2024-01-16,2024-01-29,49,1,0,0,1,3,1,0,Yes
3157,Rabbit,50456,2024-03-10,2024-03-20,53,1,0,1,2,0,0,0,No
2535,Dog,50457,2024-02-19,2024-02-28,54,1,0,0,1,0,0,0,Yes
8350,Cat,50458,2024-02-18,2024-02-24,19,1,0,1,1,4,0,0,Yes
3236,Dog,50459,2024-01-08,2024-01-10,30,0,0,0,3,6,0,0,Yes
7002,Dog,50460,2024-02-13,2024-02-15,58,1,1,0,1,6,0,0,Yes
4498,Rabbit,50461,2024-03-20,2024-03-27,45,0,1,0,3,8,0,0,No
4301,Dog,50462,2024-03-10,2024-03-17,25,1,1,0,1,4,0,0,No
8119,Cat,50463,2024-02-08,2024-02-20,46,1,0,0,2,3,0,0,No
3848,Cat,50464,2024-02-24,2024-03-04,30,1,0,0,1,7,0,0,No
2926,Bird,50465,2024-02-26,2024-03-01,66,1,0,1,2,6,0,0,No
9621,Bird,50466,2024-03-08,2024-03-11,24,0,0,1,2,7,0,0,No
5500,Bird,50467,2024-01-06,2024-01-07,72,0,0,1,1,2,0,0,Yes
6665,Cat,50468,2024-01-22,2024-02-04,56,1,0,1,2,5,0,0,Yes
4431,Rabbit,50469,2024-02-23,2024-03-02,61,0,0,1,1,9,0,0,Yes
5639,Cat,50470,2024-01-01,2024-01-14,31,1,0,0,2,5,0,1,No
9910,Cat,50471,2024-03-17,2024-03-30,61,1,1,0,1,9,0,0,No
8738,Cat,50472,2024-01-15,2024-01-29,52,1,0,0,1,3,0,0,Yes
1565,Dog,50473,2024-02-11,2024-02-22,71,1,0,0,1,0,0,0,Yes
9392,Rabbit,50474,2024-03-09,2024-03-20,58,1,0,1,2,8,0,0,No
5005,Cat,50475,2024-01-31,2024-02-04,53,1,0,1,2,5,0,0,No
3505,Cat,50476,2024-03-30,2024-04-01,29,1,0,0,1,6,0,0,No
6788,Cat,50477,2024-03-03,2024-03-09,64,1,0,0,1,4,0,0,No
8711,Cat,50478,2024-01-22,2024-02-05,63,1,0,0,1,9,0,0,No
9756,Rabbit,50479,2024-03-02,2024-03-12,66,1,0,0,1,4,0,0,No
5024,Dog,50480,2024-02-14,2024-02-17,44,0,0,1,1,0,0,0,Yes
5829,Dog,50481,2024-02-11,2024-02-18,27,1,0,0,2,6,0,0,No
2285,Dog,50482,2024-01-20,2024-01-22,72,0,0,1,1,5,0,0,No
8659,Cat,50483,2024-01-07,2024-01-11,40,0,0,0,2,3,0,0,No
3809,Dog,50484,2024-02-12,2024-02-20,40,1,1,0,1,1,1,0,Yes
8017,Dog,50485,2024-03-22,2024-03-23,48,1,0,0,2,9,1,0,No
1159,Cat,50486,2024-03-08,2024-03-10,55,1,0,0,1,1,0,0,No
1148,Dog,50487,2024-01-27,2024-02-08,42,1,0,0,1,3,0,1,No
5924,Dog,50488,2024-02-24,2024-03-05,49,1,0,0,1,7,0,0,No
7933,Bird,50489,2024-02-28,2024-03-07,29,1,0,1,1,1,0,0,Yes
5345,Bird,50490,2024-01-04,2024-01-09,55,0,0,0,1,7,0,0,No
5116,Rabbit,50491,2024-01-19,2024-01-27,32,1,1,0,1,6,0,0,No
3211,Cat,50492,2024-01-22,2024-01-28,48,1,1,1,1,7,1,0,No
5279,Cat,50493,2024-01-17,2024-01-30,26,0,1,0,1,0,0,0,No
6815,Cat,50494,2024-03-10,2024-03-20,64,0,1,0,1,3,0,0,No
5016,Dog,50495,2024-01-24,2024-02-06,67,1,0,0,2,5,0,0,Yes
5326,Rabbit,50496,2024-03-07,2024-03-21,45,0,0,0,3,3,1,0,No
4113,Cat,50497,2024-01-28,2024-02-02,55,1,0,0,1,8,0,0,No
4576,Cat,50498,2024-03-06,2024-03-19,66,0,1,0,1,3,0,0,No
8932,Cat,50499,2024-02-14,2024-02-22,41,1,1,1,2,9,0,1,No
5214,Cat,50500,2024-02-20,2024-03-04,63,1,0,0,2,7,0,0,No
1453,Cat,50501,2024-03-25,2024-04-07,69,1,0,0,1,9,0,0,Yes
8372,Dog,50502,2024-01-20,2024-02-03,51,1,0,1,1,2,0,0,No
6618,Dog,50503,2024-01-08,2024-01-19,65,1,0,0,1,3,1,0,No
1459,Rabbit,50504,2024-02-29,2024-03-04,44,1,0,0,2,6,0,0,No
3586,Dog,50505,2024-01-19,2024-01-31,45,1,0,0,3,7,0,0,No
5142,Dog,50506,2024-03-27,2024-04-01,25,0,1,0,1,3,0,0,No
6911,Cat,50507,2024-02-13,2024-02-24,38,1,0,0,1,0,0,0,No
8404,Cat,50508,2024-01-26,2024-01-29,21,1,0,1,1,7,0,0,No
6933,Rabbit,50509,2024-01-31,2024-02-01,62,1,1,0,1,4,1,0,No
1574,Bird,50510,2024-03-17,2024-03-22,41,1,0,0,1,2,0,0,Yes
4946,Dog,50511,2024-02-06,2024-02-17,47,0,0,0,1,6,1,0,No
1906,Dog,50512,2024-03-08,2024-03-12,56,1,0,0,2,2,0,0,Yes
9067,Cat,50513,2024-01-17,2024-01-31,55,1,0,0,2,7,0,0,No
1089,Cat,50514,2024-01-27,2024-02-01,53,1,0,0,1,3,0,0,No
4010,Bird,50515,2024-01-17,2024-01-21,43,0,0,0,2,5,0,0,No
9514,Dog,50516,2024-01-14,2024-01-25,52,1,1,0,1,0,1,0,Yes
3220,Cat,50517,2024-01-02,2024-01-07,65,1,0,0,1,0,0,0,No
5572,Dog,50518,2024-01-10,2024-01-11,71,1,1,0,1,3,0,0,No
2016,Dog,50519,2024-01-25,2024-02-04,44,1,0,1,1,5,0,0,No
3674,Bird,50520,2024-01-12,2024-01-17,46,1,1,0,1,8,0,0,No
9715,Dog,50521,2024-01-08,2024-01-14,57,0,0,0,2,0,1,0,No
5235,Dog,50522,2024-03-30,2024-04-04,42,0,0,0,3,9,0,0,Yes
9302,Dog,50523,2024-03-15,2024-03-24,62,0,0,1,1,9,0,0,Yes
8150,Cat,50524,2024-03-20,2024-04-02,26,0,0,0,1,6,0,0,No
6742,Cat,50525,2024-01-28,2024-02-01,40,1,0,0,1,0,0,0,No
8048,Dog,50526,2024-03-11,2024-03-17,39,1,0,0,2,0,0,0,Yes
5853,Cat,50527,2024-02-05,2024-02-15,51,0,0,0,1,9,0,0,No
6450,Cat,50528,2024-01-06,2024-01-19,74,1,0,0,1,1,0,0,No
8468,Rabbit,50529,2024-02-18,2024-02-28,71,1,0,0,1,4,0,0,No
6719,Cat,50530,2024-03-04,2024-03-14,26,0,0,0,3,1,0,0,No
5233,Cat,50531,2024-01-15,2024-01-19,63,1,0,0,1,3,0,0,No
8374,Bird,50532,2024-03-21,2024-03-29,23,1,0,0,2,4,0,0,Yes
2667,Dog,50533,2024-02-10,2024-02-18,29,0,1,1,1,0,0,0,No
1786,Dog,50534,2024-01-24,2024-02-05,48,1,0,0,1,9,0,0,No
7993,Cat,50535,2024-01-07,2024-01-20,38,1,0,0,1,3,0,1,No
8359,Bird,50536,2024-03-14,2024-03-27,71,1,1,0,1,3,0,1,No
2109,Dog,50537,2024-01-18,2024-01-26,47,1,1,0,2,7,0,0,No
7080,Dog,50538,2024-03-05,2024-03-06,36,0,0,1,1,8,0,0,Yes
9870,Cat,50539,2024-01-11,2024-01-19,33,0,0,1,2,2,0,0,No
8008,Cat,50540,2024-02-24,2024-03-06,29,1,0,0,1,9,0,0,No
3306,Dog,50541,2024-03-14,2024-03-15,29,1,0,0,2,5,1,0,No
5080,Cat,50542,2024-01-22,2024-01-23,26,1,0,0,1,4,0,0,No
1305,Cat,50543,2024-03-16,2024-03-29,24,1,0,1,1,2,0,0,No
8638,Dog,50544,2024-03-26,2024-03-30,48,1,1,0,1,2,0,0,No
8330,Dog,50545,2024-03-14,2024-03-15,41,1,0,1,3,7,0,0,No
5494,Cat,50546,2024-03-10,2024-03-12,37,0,0,0,1,7,0,0,Yes
3536,Dog,50547,2024-01-28,2024-02-06,45,1,0,0,1,2,0,0,No
5986,Dog,50548,2024-03-26,2024-04-08,33,1,0,0,1,9,0,0,No
6222,Rabbit,50549,2024-01-14,2024-01-23,72,1,0,0,3,4,0,0,No
2586,Rabbit,50550,2024-03-06,2024-03-08,72,1,1,0,1,1,0,0,No
5648,Cat,50551,2024-01-30,2024-02-11,60,1,0,1,2,1,0,0,Yes
7728,Cat,50552,2024-01-27,2024-01-28,37,1,1,1,2,6,0,0,No
9178,Cat,50553,2024-01-22,2024-01-28,19,0,0,0,1,8,0,0,No
1213,Cat,50554,2024-01-20,2024-02-02,43,1,0,0,2,6,0,0,No
5169,Dog,50555,2024-02-19,2024-02-25,46,1,1,1,1,9,0,0,No
2106,Cat,50556,2024-01-01,2024-01-08,41,1,0,0,1,4,0,0,Yes
4913,Bird,50557,2024-02-10,2024-02-15,20,1,0,0,1,0,0,0,No
3179,Cat,50558,2024-01-19,2024-02-02,54,0,0,1,2,2,0,0,No
7085,Bird,50559,2024-03-29,2024-04-08,36,1,0,1,1,7,0,0,No
1077,Cat,50560,2024-02-25,2024-03-06,40,1,0,0,1,6,0,0,No
2044,Bird,50561,2024-03-04,2024-03-10,34,1,0,0,2,1,0,0,No
8013,Dog,50562,2024-02-20,2024-02-26,24,0,0,0,1,1,0,0,Yes
8789,Dog,50563,2024-03-10,2024-03-15,55,1,0,1,2,0,0,0,No
5598,Dog,50564,2024-02-11,2024-02-25,43,0,0,1,1,4,0,0,No
1081,Dog,50565,2024-02-09,2024-02-18,34,1,1,0,1,7,0,0,Yes
8585,Dog,50566,2024-03-03,2024-03-10,46,0,0,1,1,2,0,0,Yes
3519,Cat,50567,2024-02-27,2024-02-28,32,0,0,0,1,5,0,0,Yes
1555,Cat,50568,2024-01-12,2024-01-14,30,0,0,0,1,0,0,0,No
6535,Cat,50569,2024-02-29,2024-03-12,69,1,0,0,1,5,0,0,No
3610,Cat,50570,2024-03-04,2024-03-09,22,1,0,0,1,0,0,0,No
9314,Cat,50571,2024-02-15,2024-02-19,28,1,0,0,2,2,0,0,No
4814,Rabbit,50572,2024-03-03,2024-03-10,42,1,0,0,1,9,1,0,No
9179,Cat,50573,2024-02-11,2024-02-20,46,1,0,1,1,4,0,0,Yes
6831,Cat,50574,2024-02-01,2024-02-05,40,1,0,1,1,1,0,0,No
3038,Dog,50575,2024-03-22,2024-03-23,67,1,0,1,1,5,0,0,Yes
3940,Dog,50576,2024-01-20,2024-01-25,23,1,1,0,1,1,0,0,No
8496,Dog,50577,2024-03-09,2024-03-20,32,1,0,1,2,0,0,0,Yes
4431,Bird,50578,2024-03-19,2024-04-01,26,1,0,0,2,2,0,0,No
5047,Rabbit,50579,2024-01-25,2024-02-02,40,1,1,0,1,9,1,0,No
3038,Cat,50580,2024-01-06,2024-01-19,55,1,0,1,2,9,0,0,No
3522,Cat,50581,2024-02-24,2024-03-06,51,1,0,1,1,9,0,0,No
6363,Cat,50582,2024-02-15,2024-02-27,56,1,0,0,3,2,1,0,Yes
3703,Bird,50583,2024-03-09,2024-03-23,32,1,1,0,2,2,0,0,No
1232,Bird,50584,2024-01-30,2024-02-13,60,0,0,0,1,2,0,0,Yes
1042,Dog,50585,2024-01-23,2024-01-24,51,0,0,0,2,3,0,0,No
7598,Cat,50586,2024-02-28,2024-03-06,21,1,0,0,3,1,0,0,No
4939,Dog,50587,2024-02-04,2024-02-12,70,0,0,0,2,9,0,0,Yes
3335,Dog,50588,2024-02-20,2024-02-28,69,0,0,0,2,9,0,0,No
8253,Rabbit,50589,2024-03-07,2024-03-18,46,1,0,1,1,9,0,0,No
7334,Cat,50590,2024-02-28,2024-02-29,58,1,1,1,1,7,1,0,No
2824,Cat,50591,2024-01-24,2024-01-25,74,1,0,1,2,1,0,0,No
2044,Dog,50592,2024-02-23,2024-02-24,35,1,1,0,2,2,0,0,Yes
5178,Dog,50593,2024-01-22,2024-01-31,51,1,0,1,1,8,0,0,No
4043,Rabbit,50594,2024-01-14,2024-01-19,58,1,0,0,1,6,1,0,No
1103,Bird,50595,2024-02-20,2024-02-28,30,0,0,1,3,9,0,0,No
7502,Cat,50596,2024-03-23,2024-03-24,62,0,0,0,1,2,0,0,No
3526,Dog,50597,2024-02-26,2024-02-27,37,1,1,1,3,1,0,0,No
5125,Dog,50598,2024-02-28,2024-03-07,51,0,0,0,2,9,0,0,Yes
5195,Bird,50599,2024-02-20,2024-03-05,20,1,0,1,1,9,0,0,No
7797,Dog,50600,2024-03-15,2024-03-25,68,1,1,0,1,1,0,0,No
4605,Cat,50601,2024-01-08,2024-01-10,60,0,0,1,2,5,0,0,No
5119,Cat,50602,2024-01-13,2024-01-22,49,0,1,0,1,8,0,0,No
8481,Dog,50603,2024-01-31,2024-02-01,29,1,0,0,1,3,0,0,No
1405,Rabbit,50604,2024-02-29,2024-03-10,44,1,0,0,1,6,0,0,No
5860,Cat,50605,2024-03-29,2024-04-01,62,1,0,0,1,4,0,0,No
6538,Dog,50606,2024-03-20,2024-03-31,33,1,1,0,1,1,0,0,Yes
4109,Rabbit,50607,2024-01-13,2024-01-18,71,0,0,1,1,4,0,0,Yes
5712,Dog,50608,2024-02-20,2024-02-22,39,1,0,0,1,1,0,0,No
8023,Dog,50609,2024-03-23,2024-03-29,68,1,0,1,3,7,0,0,No
3132,Cat,50610,2024-02-27,2024-03-08,36,0,0,0,1,0,0,0,No
7828,Dog,50611,2024-01-31,2024-02-10,32,0,0,0,2,3,0,0,Yes
9442,Cat,50612,2024-02-22,2024-03-03,64,1,0,0,1,5,0,0,Yes
5756,Dog,50613,2024-01-30,2024-02-03,33,1,0,1,2,2,0,0,No
5096,Cat,50614,2024-03-03,2024-03-13,26,1,1,1,1,3,0,0,No
1202,Dog,50615,2024-02-16,2024-02-28,73,0,1,0,1,5,0,0,Yes
3584,Dog,50616,2024-02-06,2024-02-09,50,0,0,1,2,4,0,0,No
2066,Rabbit,50617,2024-03-09,2024-03-12,67,1,0,1,1,1,0,0,No
9081,Dog,50618,2024-01-03,2024-01-08,39,0,1,0,3,0,0,0,Yes
1229,Dog,50619,2024-03-01,2024-03-10,62,1,1,0,1,5,0,0,No
8779,Cat,50620,2024-02-19,2024-02-25,21,0,0,1,1,2,0,0,No
4368,Dog,50621,2024-01-18,2024-01-28,33,1,0,0,2,5,0,0,No
7515,Dog,50622,2024-03-13,2024-03-19,70,1,0,0,3,4,0,0,No
3745,Bird,50623,2024-02-29,2024-03-05,19,1,0,1,1,7,1,0,No
1044,Cat,50624,2024-03-30,2024-04-02,28,1,0,0,1,3,0,0,No
1550,Cat,50625,2024-03-26,2024-04-08,55,1,0,0,2,9,1,0,No
2978,Cat,50626,2024-02-17,2024-02-24,62,1,1,0,1,5,0,0,No
2540,Cat,50627,2024-01-24,2024-02-06,28,1,0,0,1,5,0,1,No
9830,Bird,50628,2024-01-28,2024-02-07,37,1,0,0,1,5,0,0,Yes
3934,Cat,50629,2024-03-24,2024-03-31,45,1,1,1,1,6,0,0,No
1564,Dog,50630,2024-01-22,2024-01-29,44,1,1,0,2,2,0,0,No
4458,Dog,50631,2024-02-25,2024-03-03,29,0,0,0,1,2,0,0,No
7551,Cat,50632,2024-01-19,2024-01-23,35,0,0,0,1,3,1,0,No
1631,Rabbit,50633,2024-02-28,2024-03-08,67,0,1,0,1,9,0,0,Yes
7292,Cat,50634,2024-02-04,2024-02-17,45,1,0,0,1,1,1,1,No
6766,Dog,50635,2024-01-23,2024-02-05,37,1,0,0,3,2,0,0,No
8235,Bird,50636,2024-01-28,2024-02-05,42,0,0,1,1,2,0,0,No
1122,Cat,50637,2024-03-29,2024-03-31,28,1,0,0,1,3,0,0,Yes
9326,Rabbit,50638,2024-02-14,2024-02-24,26,0,1,1,1,0,0,0,Yes
2619,Cat,50639,2024-02-18,2024-03-02,41,1,0,1,1,2,0,0,Yes
4269,Bird,50640,2024-01-31,2024-02-04,73,0,0,0,1,5,0,0,Yes
7395,Dog,50641,2024-02-26,2024-03-06,39,1,0,0,1,4,0,1,No
1004,Cat,50642,2024-02-25,2024-03-01,42,1,0,0,2,0,0,1,No
2707,Dog,50643,2024-02-29,2024-03-05,70,0,1,0,1,3,0,0,No
7847,Cat,50644,2024-03-07,2024-03-15,41,0,0,1,2,8,0,0,No
2521,Dog,50645,2024-02-06,2024-02-11,30,1,0,0,1,0,1,0,No
4915,Cat,50646,2024-03-06,2024-03-08,45,0,0,0,1,8,0,0,No
6977,Dog,50647,2024-02-20,2024-03-04,24,1,0,0,3,2,0,0,No
8608,Cat,50648,2024-02-20,2024-02-22,36,1,1,0,1,0,0,0,No
1474,Dog,50649,2024-01-04,2024-01-06,59,0,1,0,1,4,0,0,No
2024,Bird,50650,2024-01-23,2024-02-03,67,1,0,0,3,3,0,0,No
4560,Bird,50651,2024-03-13,2024-03-15,58,1,0,0,1,6,0,0,No
2876,Dog,50652,2024-03-21,2024-04-03,41,1,0,1,1,7,0,0,No
5808,Cat,50653,2024-01-27,2024-02-06,60,1,0,0,2,0,0,0,No
3977,Cat,50654,2024-02-15,2024-02-20,70,1,0,1,2,7,0,0,No
3079,Rabbit,50655,2024-03-22,2024-04-01,61,1,0,1,1,9,0,0,Yes
6651,Rabbit,50656,2024-01-07,2024-01-18,63,0,0,1,1,6,0,0,Yes
2031,Cat,50657,2024-01-20,2024-01-24,29,1,0,0,1,5,0,0,No
2422,Cat,50658,2024-01-23,2024-01-30,55,1,0,0,1,7,0,0,No
5365,Dog,50659,2024-02-21,2024-03-04,61,0,0,1,1,8,0,0,Yes
3550,Dog,50660,2024-03-29,2024-04-10,34,1,0,1,1,8,0,0,No
4733,Bird,50661,2024-01-17,2024-01-18,32,1,0,1,2,8,1,0,No
5718,Rabbit,50662,2024-01-03,2024-01-06,63,1,0,0,1,3,0,0,Yes
6889,Cat,50663,2024-01-17,2024-01-29,20,0,0,0,1,9,0,0,No
6100,Dog,50664,2024-01-09,2024-01-20,19,1,0,0,3,9,0,0,No
8602,Dog,50665,2024-02-20,2024-03-04,37,1,0,0,2,0,0,0,No
4799,Cat,50666,2024-03-10,2024-03-14,37,1,1,0,2,4,0,0,No
2602,Dog,50667,2024-01-08,2024-01-14,25,1,1,0,2,1,0,0,No
6676,Dog,50668,2024-03-05,2024-03-19,38,1,0,0,2,1,0,0,Yes
5259,Cat,50669,2024-02-07,2024-02-21,73,0,0,1,2,3,1,0,No
8087,Cat,50670,2024-02-26,2024-03-01,39,1,0,1,1,1,0,0,No
1047,Dog,50671,2024-02-17,2024-03-02,24,1,0,1,1,9,0,0,No
8386,Bird,50672,2024-03-19,2024-03-30,46,1,0,1,2,3,1,0,Yes
1624,Cat,50673,2024-01-02,2024-01-11,28,1,0,1,1,5,0,0,No
8364,Cat,50674,2024-03-29,2024-04-03,68,1,1,0,1,1,0,0,No
5424,Cat,50675,2024-01-16,2024-01-25,39,1,1,1,2,1,0,0,Yes
6734,Bird,50676,2024-02-18,2024-03-03,59,0,0,0,2,1,1,0,No
8250,Dog,50677,2024-02-10,2024-02-20,64,0,0,0,2,4,1,0,Yes
7953,Rabbit,50678,2024-01-03,2024-01-07,57,1,0,0,1,6,0,0,No
1883,Dog,50679,2024-03-12,2024-03-18,63,1,0,1,1,8,0,0,No
1892,Cat,50680,2024-03-17,2024-03-18,44,0,0,0,1,9,1,0,No
9535,Dog,50681,2024-02-22,2024-02-27,37,1,1,0,1,5,0,0,No
5148,Bird,50682,2024-03-19,2024-04-02,28,1,0,1,1,5,0,0,Yes
8921,Dog,50683,2024-01-06,2024-01-16,40,1,1,0,1,6,0,0,No
1100,Cat,50684,2024-03-25,2024-04-06,56,1,0,1,2,5,0,0,Yes
2397,Dog,50685,2024-01-10,2024-01-12,26,1,0,0,2,5,0,0,No
3331,Bird,50686,2024-01-10,2024-01-19,62,1,0,0,1,7,0,0,No
4404,Cat,50687,2024-03-02,2024-03-09,30,0,0,1,1,2,0,0,Yes
2047,Cat,50688,2024-03-30,2024-03-31,66,1,0,0,3,8,0,0,No
1420,Dog,50689,2024-02-11,2024-02-17,69,0,0,1,1,2,0,0,No
2914,Dog,50690,2024-02-02,2024-02-16,68,1,0,0,1,5,0,0,Yes
6550,Cat,50691,2024-03-05,2024-03-06,63,1,0,1,2,4,0,0,No
7832,Cat,50692,2024-03-18,2024-03-26,39,1,0,0,1,8,0,0,No
7004,Dog,50693,2024-02-15,2024-02-27,24,0,0,1,1,2,0,0,No
5707,Dog,50694,2024-01-09,2024-01-19,50,1,0,0,3,1,0,0,No
6556,Dog,50695,2024-01-24,2024-02-03,43,1,0,0,1,5,0,0,No
7031,Cat,50696,2024-03-10,2024-03-17,73,1,1,0,1,0,0,0,No
5569,Dog,50697,2024-01-08,2024-01-18,50,1,0,0,2,3,0,0,Yes
3095,Rabbit,50698,2024-02-14,2024-02-26,61,1,1,1,1,1,0,0,No
9192,Rabbit,50699,2024-02-07,2024-02-15,18,1,0,1,2,6,0,0,Yes
4992,Dog,50700,2024-02-01,2024-02-08,63,0,1,0,1,4,0,0,No
9103,Rabbit,50701,2024-02-09,2024-02-12,66,0,0,0,3,1,0,0,Yes
2164,Dog,50702,2024-03-30,2024-04-05,37,0,0,0,1,2,0,0,No
1977,Dog,50703,2024-03-13,2024-03-27,31,1,0,0,1,2,1,1,No
1334,Cat,50704,2024-02-17,2024-02-22,66,1,1,0,2,8,0,0,No
8998,Cat,50705,2024-02-01,2024-02-04,66,1,0,0,2,2,0,0,No
8042,Dog,50706,2024-02-26,2024-02-29,61,1,0,1,1,2,0,1,No
5608,Cat,50707,2024-02-10,2024-02-13,60,1,0,1,1,4,0,0,No
6701,Rabbit,50708,2024-01-31,2024-02-11,27,1,0,1,1,3,0,0,Yes
2269,Bird,50709,2024-01-20,2024-01-29,57,0,0,0,1,5,0,0,Yes
4174,Rabbit,50710,2024-03-13,2024-03-16,40,1,0,0,2,9,0,0,No
7465,Cat,50711,2024-01-03,2024-01-13,30,1,0,0,1,3,1,0,No
8160,Rabbit,50712,2024-01-28,2024-02-07,23,1,1,1,2,4,0,0,No
9374,Cat,50713,2024-03-23,2024-04-01,50,1,0,0,1,6,0,0,No
3728,Cat,50714,2024-02-28,2024-03-06,22,1,1,0,3,0,0,0,No
3759,Dog,50715,2024-03-17,2024-03-22,70,1,0,0,1,4,0,0,No
4179,Bird,50716,2024-01-03,2024-01-17,62,0,0,0,1,2,0,0,Yes
9158,Bird,50717,2024-01-06,2024-01-20,65,1,0,1,1,3,0,0,No
8733,Dog,50718,2024-01-14,2024-01-28,29,1,0,0,1,6,0,0,Yes
8318,Dog,50719,2024-03-29,2024-04-05,53,1,0,0,1,0,0,0,No
3500,Bird,50720,2024-03-27,2024-03-31,72,1,1,0,3,3,0,0,No
7009,Cat,50721,2024-01-20,2024-01-26,56,1,0,0,1,9,0,0,No
3531,Dog,50722,2024-03-10,2024-03-16,23,1,1,0,1,9,0,0,No
2725,Rabbit,50723,2024-02-03,2024-02-04,71,1,0,0,1,5,0,0,No
6314,Cat,50724,2024-03-07,2024-03-14,60,0,0,0,1,1,0,0,No
8142,Rabbit,50725,2024-01-21,2024-01-29,36,1,0,0,1,6,0,0,No
5983,Bird,50726,2024-03-24,2024-03-31,59,1,1,0,2,1,0,0,No
8762,Dog,50727,2024-02-07,2024-02-08,56,1,0,0,2,8,0,0,No
6379,Rabbit,50728,2024-02-13,2024-02-14,46,0,0,0,2,4,0,0,No
5476,Cat,50729,2024-03-09,2024-03-15,50,1,1,1,3,2,0,0,Yes
7649,Dog,50730,2024-03-25,2024-04-07,70,0,0,0,2,8,0,0,Yes
5975,Bird,50731,2024-01-23,2024-02-03,41,1,1,0,2,6,0,0,No
2532,Cat,50732,2024-03-15,2024-03-21,42,0,1,0,1,3,0,0,Yes
1481,Dog,50733,2024-02-07,2024-02-14,33,0,0,0,1,1,0,0,No
6136,Dog,50734,2024-02-05,2024-02-08,34,0,0,0,3,8,0,0,Yes
9025,Rabbit,50735,2024-02-17,2024-02-21,57,1,0,0,1,9,0,0,No
2388,Rabbit,50736,2024-03-21,2024-04-02,32,1,0,1,2,9,0,0,No
6165,Bird,50737,2024-02-03,2024-02-04,61,1,0,0,1,5,0,0,Yes
1503,Cat,50738,2024-01-13,2024-01-20,32,1,1,1,1,0,0,0,No
9357,Dog,50739,2024-03-11,2024-03-25,72,0,1,1,1,4,0,0,Yes
9975,Dog,50740,2024-03-23,2024-03-31,18,1,1,0,2,4,1,0,No
1642,Bird,50741,2024-03-27,2024-04-09,34,1,0,0,2,3,0,0,No
4418,Cat,50742,2024-01-19,2024-01-20,57,0,0,0,1,0,0,0,Yes
7779,Cat,50743,2024-03-13,2024-03-25,23,1,0,1,2,9,0,0,Yes
4542,Cat,50744,2024-02-04,2024-02-09,53,1,0,1,1,0,1,0,No
5030,Cat,50745,2024-01-06,2024-01-11,67,1,0,0,1,3,0,0,No
2035,Cat,50746,2024-02-01,2024-02-12,55,1,0,0,1,9,0,0,No
9708,Rabbit,50747,2024-02-07,2024-02-08,46,1,0,0,2,8,0,0,No
2077,Dog,50748,2024-03-27,2024-04-03,46,1,1,0,1,4,0,0,No
9696,Dog,50749,2024-02-13,2024-02-21,36,1,0,0,1,0,0,0,No
5629,Dog,50750,2024-02-08,2024-02-15,69,1,1,0,1,0,0,0,No
1384,Cat,50751,2024-02-13,2024-02-25,19,1,0,0,2,0,0,0,No
7825,Cat,50752,2024-02-19,2024-02-28,55,1,0,0,1,8,0,0,No
9959,Cat,50753,2024-01-04,2024-01-17,32,1,0,0,1,5,1,0,No
1901,Rabbit,50754,2024-03-10,2024-03-11,28,1,0,0,1,5,0,0,No
3844,Cat,50755,2024-01-05,2024-01-08,25,0,0,1,1,3,0,0,No
1811,Dog,50756,2024-01-15,2024-01-24,67,1,0,1,2,9,0,0,No
7461,Dog,50757,2024-01-21,2024-01-30,74,1,0,0,1,4,1,0,No
7380,Cat,50758,2024-02-16,2024-02-20,48,1,0,0,1,1,0,0,No
3268,Bird,50759,2024-01-28,2024-02-01,19,1,0,0,2,6,0,0,No
3349,Dog,50760,2024-01-10,2024-01-15,70,1,0,0,2,2,0,0,No
8116,Rabbit,50761,2024-02-06,2024-02-14,27,1,1,0,1,8,0,0,No
4319,Cat,50762,2024-03-23,2024-04-03,50,1,0,0,2,5,0,0,Yes
9808,Rabbit,50763,2024-01-15,2024-01-17,20,1,0,0,1,4,0,0,No
3589,Dog,50764,2024-02-08,2024-02-11,59,0,1,0,1,0,0,0,No
3702,Cat,50765,2024-01-16,2024-01-22,35,1,0,0,1,5,0,0,No
1129,Bird,50766,2024-03-14,2024-03-25,54,1,0,0,1,6,0,0,Yes
6641,Cat,50767,2024-02-01,2024-02-15,43,1,0,0,3,8,0,0,No
4473,Cat,50768,2024-03-12,2024-03-25,47,0,1,0,3,6,0,0,No
2263,Cat,50769,2024-02-17,2024-03-02,72,1,0,0,2,9,0,0,Yes
3998,Dog,50770,2024-02-27,2024-03-07,60,1,0,0,1,2,0,0,Yes
1909,Dog,50771,2024-03-01,2024-03-11,56,0,0,0,2,8,0,0,Yes
5901,Cat,50772,2024-03-18,2024-03-31,35,1,0,1,1,6,0,0,No
7768,Dog,50773,2024-02-10,2024-02-24,19,1,0,0,2,1,0,0,No
2581,Dog,50774,2024-03-16,2024-03-24,52,0,0,0,2,2,0,0,No
2778,Cat,50775,2024-01-06,2024-01-12,66,1,0,0,1,8,0,0,No
6662,Dog,50776,2024-01-05,2024-01-06,58,1,0,0,1,7,0,0,No
9001,Bird,50777,2024-02-21,2024-03-02,58,0,1,1,1,5,0,0,Yes
5858,Dog,50778,2024-01-13,2024-01-23,68,1,1,0,1,7,0,0,No
4844,Dog,50779,2024-01-30,2024-02-01,36,1,0,1,3,6,0,0,No
8933,Dog,50780,2024-02-06,2024-02-16,26,1,0,0,1,1,0,1,No
3606,Cat,50781,2024-02-09,2024-02-12,57,0,1,0,1,3,0,0,No
4130,Dog,50782,2024-02-23,2024-03-04,57,1,0,0,1,2,0,0,No
2807,Cat,50783,2024-02-01,2024-02-03,54,1,0,0,1,5,0,0,No
8643,Cat,50784,2024-03-01,2024-03-12,52,1,0,1,2,9,0,0,No
9364,Cat,50785,2024-01-22,2024-01-31,30,1,0,0,2,7,1,0,No
1205,Cat,50786,2024-03-24,2024-03-29,62,1,0,0,1,4,0,0,No
8181,Cat,50787,2024-02-28,2024-03-04,39,1,0,1,1,0,0,0,No
8648,Cat,50788,2024-02-15,2024-02-27,50,1,0,1,1,8,0,0,Yes
2579,Dog,50789,2024-03-14,2024-03-24,46,1,0,0,1,0,0,0,No
4625,Dog,50790,2024-02-03,2024-02-07,66,0,0,1,1,6,0,0,Yes
4624,Bird,50791,2024-01-04,2024-01-10,44,1,0,1,1,7,0,0,No
1840,Dog,50792,2024-03-19,2024-03-28,65,1,1,1,2,6,0,0,No
8806,Dog,50793,2024-01-08,2024-01-22,67,1,1,0,1,5,0,0,No
3758,Rabbit,50794,2024-03-05,2024-03-17,20,1,0,0,1,2,0,0,No
8837,Dog,50795,2024-03-03,2024-03-09,48,1,1,0,2,7,0,0,No
3012,Rabbit,50796,2024-02-01,2024-02-09,52,0,0,0,2,4,0,0,No
5961,Bird,50797,2024-02-17,2024-02-21,69,1,1,0,1,7,0,0,No
9249,Cat,50798,2024-02-19,2024-02-28,22,1,0,0,1,1,0,0,No
2006,Cat,50799,2024-01-15,2024-01-25,54,1,0,1,1,8,0,0,No
1347,Cat,50800,2024-02-03,2024-02-06,56,1,0,0,1,7,1,0,No
8087,Cat,50801,2024-01-31,2024-02-10,29,1,0,1,1,2,1,0,No
5884,Cat,50802,2024-03-13,2024-03-17,69,0,0,0,2,5,0,0,No
6178,Dog,50803,2024-03-29,2024-04-11,70,0,0,1,2,6,0,0,Yes
1068,Dog,50804,2024-03-20,2024-03-31,72,1,0,1,1,2,0,0,Yes
7898,Dog,50805,2024-03-02,2024-03-09,32,1,1,0,3,6,0,0,No
5208,Cat,50806,2024-01-21,2024-01-27,56,1,0,0,1,3,0,0,No
1883,Dog,50807,2024-03-05,2024-03-08,74,1,0,1,2,3,0,0,No
2657,Dog,50808,2024-02-11,2024-02-24,19,0,0,0,1,4,0,0,No
9261,Dog,50809,2024-01-18,2024-01-30,31,1,0,0,1,3,0,0,No
3502,Rabbit,50810,2024-02-06,2024-02-12,23,0,0,0,3,9,0,0,No
2979,Dog,50811,2024-01-19,2024-02-02,42,0,0,0,1,3,0,0,Yes
8348,Cat,50812,2024-03-23,2024-04-05,67,1,1,0,1,2,0,0,Yes
9884,Cat,50813,2024-01-01,2024-01-03,53,1,0,1,2,6,0,0,No
1545,Cat,50814,2024-02-23,2024-02-28,60,1,1,0,1,8,0,0,Yes
2260,Dog,50815,2024-03-02,2024-03-14,63,1,0,0,2,6,0,0,No
2610,Dog,50816,2024-01-13,2024-01-19,54,1,0,0,2,6,0,0,No
9251,Dog,50817,2024-03-12,2024-03-20,49,0,1,1,2,0,0,0,Yes
4868,Cat,50818,2024-03-16,2024-03-18,52,1,0,1,2,6,0,0,No
1826,Cat,50819,2024-02-11,2024-02-25,49,1,0,0,1,7,0,1,No
5245,Cat,50820,2024-02-07,2024-02-15,35,0,0,1,1,4,0,0,No
1035,Cat,50821,2024-02-05,2024-02-10,33,1,0,1,2,2,0,0,No
9678,Dog,50822,2024-02-01,2024-02-09,18,1,0,0,1,4,0,0,Yes
6554,Cat,50823,2024-01-03,2024-01-05,42,0,1,0,1,2,0,0,Yes
4430,Cat,50824,2024-02-19,2024-02-28,26,1,0,0,1,9,0,0,No
7199,Cat,50825,2024-02-19,2024-03-01,19,0,0,1,1,6,0,0,Yes
2923,Rabbit,50826,2024-01-16,2024-01-29,70,1,0,1,2,7,0,0,No
3320,Bird,50827,2024-01-03,2024-01-05,64,1,0,1,2,4,0,0,No
1162,Rabbit,50828,2024-02-20,2024-02-21,21,0,1,0,1,8,0,0,No
2817,Cat,50829,2024-03-05,2024-03-17,44,1,1,0,1,6,0,0,No
1965,Rabbit,50830,2024-03-26,2024-04-04,52,1,1,0,2,7,0,0,No
3038,Cat,50831,2024-02-14,2024-02-16,23,0,0,0,2,0,0,0,Yes
3295,Dog,50832,2024-02-25,2024-03-03,61,1,0,0,2,7,0,0,No
4543,Rabbit,50833,2024-03-15,2024-03-21,37,0,0,0,1,6,0,0,No
2341,Dog,50834,2024-01-08,2024-01-17,60,0,0,1,1,6,0,0,No
1520,Dog,50835,2024-03-17,2024-03-27,46,0,0,0,2,9,0,0,Yes
5531,Dog,50836,2024-01-04,2024-01-07,52,1,1,0,2,1,0,0,No
6893,Rabbit,50837,2024-01-21,2024-01-25,45,0,0,1,1,4,0,0,Yes
1132,Dog,50838,2024-01-22,2024-02-05,57,0,1,0,1,9,1,0,No
5591,Rabbit,50839,2024-01-26,2024-02-03,20,1,0,0,1,4,0,0,No
6299,Cat,50840,2024-01-23,2024-02-04,43,1,0,0,1,7,0,0,Yes
6922,Dog,50841,2024-03-21,2024-03-24,56,1,1,0,2,8,0,0,Yes
5185,Bird,50842,2024-03-18,2024-03-24,44,1,1,0,1,0,0,0,No
2028,Dog,50843,2024-02-24,2024-02-25,71,1,1,0,1,8,0,0,No
9577,Bird,50844,2024-03-06,2024-03-08,27,1,0,0,1,6,0,0,No
5315,Dog,50845,2024-03-08,2024-03-21,50,1,0,1,1,3,0,0,Yes
4127,Cat,50846,2024-01-05,2024-01-13,64,1,0,1,1,2,0,0,No
9808,Cat,50847,2024-03-27,2024-04-07,56,1,1,1,2,0,0,0,No
9364,Cat,50848,2024-03-10,2024-03-23,23,1,1,0,2,2,0,0,Yes
4537,Cat,50849,2024-02-18,2024-03-02,69,1,0,0,1,2,0,0,Yes
2966,Bird,50850,2024-01-28,2024-01-30,19,0,0,0,2,3,0,0,Yes
7631,Rabbit,50851,2024-03-07,2024-03-16,51,0,0,0,1,9,0,0,Yes
6904,Dog,50852,2024-03-20,2024-04-01,65,1,0,0,1,3,1,0,No
4683,Dog,50853,2024-02-11,2024-02-15,27,1,0,0,1,5,0,0,No
1556,Rabbit,50854,2024-03-29,2024-04-01,18,1,0,1,1,0,1,0,No
3733,Dog,50855,2024-03-09,2024-03-17,51,1,0,0,2,7,0,0,No
9978,Cat,50856,2024-01-31,2024-02-11,68,1,0,1,1,9,0,0,No
2740,Cat,50857,2024-02-03,2024-02-10,27,1,0,1,1,0,0,0,No
5073,Dog,50858,2024-02-12,2024-02-17,41,1,0,0,1,0,0,0,No
1316,Cat,50859,2024-03-08,2024-03-19,44,1,0,0,2,9,0,0,Yes
9479,Dog,50860,2024-02-10,2024-02-20,52,0,0,1,1,6,0,0,No
5822,Cat,50861,2024-03-01,2024-03-11,52,0,0,0,1,4,0,0,Yes
8374,Dog,50862,2024-01-26,2024-01-31,58,0,0,1,1,8,0,0,Yes
9073,Cat,50863,2024-01-13,2024-01-15,30,0,0,0,2,7,0,1,Yes
4118,Bird,50864,2024-02-28,2024-03-10,73,1,0,0,1,6,0,0,Yes
8814,Dog,50865,2024-03-07,2024-03-17,37,1,0,0,2,9,0,0,Yes
5873,Dog,50866,2024-03-25,2024-04-06,40,1,0,0,1,9,0,0,Yes
1048,Dog,50867,2024-02-28,2024-03-01,38,0,1,0,1,2,0,0,Yes
7648,Rabbit,50868,2024-03-08,2024-03-21,26,1,0,1,1,1,0,0,No
8363,Bird,50869,2024-01-04,2024-01-15,49,1,0,0,2,2,0,0,No
8616,Cat,50870,2024-01-04,2024-01-09,70,1,0,0,2,9,0,0,No
2927,Dog,50871,2024-01-02,2024-01-03,74,1,0,0,1,8,0,0,No
6212,Bird,50872,2024-03-07,2024-03-10,61,1,0,0,2,4,0,0,No
9844,Dog,50873,2024-03-21,2024-03-31,70,0,0,0,1,7,0,0,No
3420,Cat,50874,2024-03-10,2024-03-21,68,1,1,0,1,1,0,0,Yes
6142,Dog,50875,2024-02-22,2024-02-27,53,1,0,0,1,6,0,0,No
9313,Dog,50876,2024-01-16,2024-01-30,72,0,0,0,1,7,0,0,No
1094,Cat,50877,2024-02-17,2024-02-29,34,1,0,0,1,2,0,0,Yes
4214,Dog,50878,2024-01-17,2024-01-30,52,1,0,0,1,4,0,0,No
3517,Cat,50879,2024-01-03,2024-01-15,59,1,1,0,1,9,0,0,No
3672,Dog,50880,2024-02-05,2024-02-14,57,1,0,0,2,4,0,0,No
7284,Cat,50881,2024-01-05,2024-01-19,31,1,1,0,1,7,0,0,No
3533,Dog,50882,2024-02-15,2024-02-18,71,1,0,0,1,4,0,0,Yes
5468,Cat,50883,2024-02-09,2024-02-21,35,1,1,0,1,7,0,0,No
4523,Cat,50884,2024-01-31,2024-02-03,54,0,0,0,1,8,0,0,No
3068,Dog,50885,2024-02-03,2024-02-10,71,1,0,1,1,7,0,0,No
5691,Dog,50886,2024-03-13,2024-03-15,60,1,0,0,1,4,0,0,No
7934,Dog,50887,2024-03-13,2024-03-27,35,1,0,1,3,5,0,1,Yes
3235,Dog,50888,2024-01-27,2024-01-31,73,1,1,0,1,9,0,1,No
2303,Cat,50889,2024-03-06,2024-03-11,23,1,0,1,1,2,0,0,No
1420,Cat,50890,2024-01-23,2024-01-24,46,1,0,1,1,7,0,0,No
8113,Dog,50891,2024-02-15,2024-02-23,49,1,0,0,1,4,0,0,No
6525,Rabbit,50892,2024-01-26,2024-01-31,21,0,0,0,1,2,0,0,Yes
6576,Dog,50893,2024-03-23,2024-04-06,51,1,0,0,2,7,0,0,No
8509,Bird,50894,2024-03-19,2024-03-21,41,1,0,0,1,8,0,0,No
8050,Cat,50895,2024-01-02,2024-01-12,73,0,0,0,2,5,0,0,Yes
1057,Cat,50896,2024-02-15,2024-02-28,64,1,0,0,1,5,0,0,No
9952,Cat,50897,2024-01-12,2024-01-19,40,1,0,0,3,7,0,0,Yes
6724,Cat,50898,2024-01-24,2024-02-01,59,0,0,0,1,6,0,1,No
1321,Cat,50899,2024-03-03,2024-03-04,43,0,0,0,1,4,0,0,Yes
3348,Dog,50900,2024-01-06,2024-01-15,51,1,0,0,1,7,0,0,Yes
7559,Rabbit,50901,2024-02-25,2024-03-08,45,1,0,0,2,9,0,0,No
5238,Dog,50902,2024-02-29,2024-03-09,49,1,0,0,2,3,0,0,No
8535,Cat,50903,2024-03-15,2024-03-29,72,0,0,0,1,8,0,0,No
9596,Dog,50904,2024-02-12,2024-02-24,55,0,1,0,1,2,0,0,Yes
5869,Dog,50905,2024-02-06,2024-02-07,22,1,0,0,1,8,1,0,No
5727,Cat,50906,2024-02-23,2024-02-27,72,0,0,0,1,1,0,0,No
9614,Dog,50907,2024-01-16,2024-01-18,45,0,0,0,1,8,0,0,No
6499,Cat,50908,2024-03-26,2024-04-07,53,0,0,0,1,6,0,0,No
8083,Rabbit,50909,2024-03-04,2024-03-05,37,1,0,0,1,2,0,0,No
9949,Bird,50910,2024-01-31,2024-02-12,33,1,0,0,3,3,0,0,No
6588,Dog,50911,2024-02-12,2024-02-22,23,0,0,0,1,9,0,0,Yes
6847,Bird,50912,2024-02-18,2024-03-01,45,1,0,1,2,4,0,0,Yes
9276,Cat,50913,2024-01-25,2024-01-26,43,1,1,0,1,9,0,0,Yes
5051,Dog,50914,2024-03-24,2024-03-31,63,0,0,0,1,0,0,0,No
7774,Cat,50915,2024-01-31,2024-02-06,21,0,0,1,3,6,0,0,No
8268,Cat,50916,2024-01-20,2024-01-25,67,1,0,0,1,9,0,0,No
5008,Cat,50917,2024-01-23,2024-02-05,69,1,0,0,1,8,0,0,No
2268,Cat,50918,2024-01-05,2024-01-19,58,1,1,1,1,1,0,0,No
5982,Cat,50919,2024-02-19,2024-02-24,19,1,0,0,1,5,0,0,No
7049,Cat,50920,2024-02-03,2024-02-08,31,0,1,1,1,9,0,0,Yes
2478,Bird,50921,2024-01-31,2024-02-03,58,1,0,1,2,1,0,0,Yes
6197,Dog,50922,2024-03-15,2024-03-18,27,0,0,0,2,3,0,0,Yes
2400,Dog,50923,2024-03-14,2024-03-23,49,1,0,0,2,2,0,0,No
9230,Cat,50924,2024-02-15,2024-02-23,41,0,0,1,1,2,0,0,Yes
2585,Bird,50925,2024-03-26,2024-04-07,47,1,0,1,3,2,0,0,Yes
4785,Bird,50926,2024-03-03,2024-03-17,45,1,1,0,1,5,1,0,No
5125,Cat,50927,2024-01-27,2024-02-07,20,1,0,1,2,7,1,0,No
5362,Dog,50928,2024-02-09,2024-02-12,74,0,0,1,1,6,0,0,No
5069,Dog,50929,2024-02-23,2024-03-01,50,0,0,0,2,2,0,0,Yes
4886,Dog,50930,2024-01-05,2024-01-16,56,1,0,0,2,4,1,0,Yes
7308,Cat,50931,2024-02-05,2024-02-10,60,0,1,0,1,2,0,0,Yes
8161,Cat,50932,2024-03-27,2024-04-06,40,0,0,0,1,7,0,0,Yes
4331,Dog,50933,2024-03-16,2024-03-22,65,1,0,1,1,4,0,0,Yes
9927,Dog,50934,2024-02-02,2024-02-14,29,1,0,0,2,8,0,0,No
1659,Cat,50935,2024-02-08,2024-02-22,69,0,0,1,2,8,0,0,No
7541,Bird,50936,2024-01-27,2024-01-29,39,1,0,0,1,4,0,0,No
3249,Dog,50937,2024-03-19,2024-03-29,27,0,0,1,2,4,0,0,Yes
1384,Rabbit,50938,2024-01-19,2024-01-31,24,1,0,0,1,6,0,0,No
7558,Cat,50939,2024-02-12,2024-02-16,48,1,0,1,1,2,1,0,No
1152,Dog,50940,2024-02-09,2024-02-21,72,1,0,1,1,2,0,0,No
8743,Cat,50941,2024-02-19,2024-03-03,64,1,0,0,1,8,0,0,No
2609,Cat,50942,2024-03-16,2024-03-17,63,0,0,1,1,4,0,0,Yes
5197,Cat,50943,2024-02-04,2024-02-10,59,1,1,1,1,1,1,0,No
5242,Bird,50944,2024-01-16,2024-01-29,29,1,0,1,1,7,0,0,No
7108,Cat,50945,2024-02-14,2024-02-26,29,1,0,0,3,0,0,0,No
8706,Bird,50946,2024-03-05,2024-03-10,67,0,1,0,1,7,0,0,No
3759,Cat,50947,2024-03-02,2024-03-03,62,1,0,0,1,0,0,0,Yes
7111,Dog,50948,2024-01-05,2024-01-19,44,1,0,0,1,1,0,0,No
9917,Cat,50949,2024-02-22,2024-02-23,37,0,0,0,1,3,0,0,Yes
1150,Cat,50950,2024-01-28,2024-02-01,42,0,0,0,1,0,0,0,Yes
2528,Cat,50951,2024-01-22,2024-02-03,66,1,0,0,2,8,0,0,No
3104,Cat,50952,2024-02-18,2024-02-25,49,1,0,1,3,1,0,0,No
8918,Cat,50953,2024-01-28,2024-02-05,36,1,0,1,1,4,0,0,No
9823,Cat,50954,2024-02-02,2024-02-12,50,0,0,0,2,3,0,0,No
4393,Dog,50955,2024-03-14,2024-03-27,43,0,0,1,1,2,0,0,No
7523,Cat,50956,2024-03-18,2024-03-23,34,1,0,0,1,8,0,1,No
6457,Dog,50957,2024-02-17,2024-02-22,40,0,0,0,1,2,0,0,No
7487,Dog,50958,2024-03-10,2024-03-22,68,1,0,1,1,3,0,0,Yes
4852,Dog,50959,2024-03-12,2024-03-16,26,1,0,1,1,7,1,0,No
6499,Cat,50960,2024-03-21,2024-03-29,44,1,0,0,1,0,0,0,Yes
1146,Rabbit,50961,2024-02-12,2024-02-22,42,1,0,1,1,7,0,0,No
3039,Dog,50962,2024-01-29,2024-02-02,21,1,0,0,1,6,0,0,No
9729,Bird,50963,2024-02-01,2024-02-10,52,0,1,0,1,3,0,0,Yes
3978,Cat,50964,2024-02-25,2024-03-10,52,0,1,0,1,7,0,0,Yes
8155,Dog,50965,2024-03-26,2024-04-01,31,1,0,0,1,9,0,0,Yes
4684,Cat,50966,2024-03-15,2024-03-18,61,1,0,1,2,6,0,0,No
3462,Cat,50967,2024-01-30,2024-02-02,72,1,0,0,1,2,0,0,No
6765,Dog,50968,2024-03-16,2024-03-19,60,1,0,0,1,7,0,0,No
2185,Cat,50969,2024-01-26,2024-02-04,50,0,1,0,1,4,0,0,Yes
1448,Dog,50970,2024-01-16,2024-01-18,25,1,0,0,2,2,0,0,No
5585,Cat,50971,2024-03-21,2024-03-29,50,1,0,0,2,8,0,0,No
5741,Cat,50972,2024-01-18,2024-01-19,73,1,1,0,1,2,0,0,Yes
4522,Cat,50973,2024-02-03,2024-02-14,37,0,0,1,2,2,0,0,Yes
1434,Cat,50974,2024-03-20,2024-03-31,57,0,1,1,2,7,0,0,Yes
1995,Cat,50975,2024-01-03,2024-01-10,53,1,1,1,1,9,0,0,No
8348,Bird,50976,2024-01-15,2024-01-28,63,0,0,0,2,4,0,0,No
8333,Dog,50977,2024-01-17,2024-01-30,38,1,0,1,1,3,0,0,Yes
7441,Rabbit,50978,2024-01-23,2024-01-25,37,0,0,0,3,6,0,0,Yes
5135,Bird,50979,2024-03-24,2024-04-05,61,0,1,1,2,9,0,0,Yes
5576,Cat,50980,2024-03-19,2024-04-02,66,1,0,0,2,3,0,0,Yes
9366,Bird,50981,2024-03-01,2024-03-02,72,0,0,0,3,9,0,0,No
7604,Dog,50982,2024-03-18,2024-03-31,65,0,1,0,2,1,0,0,Yes
2238,Dog,50983,2024-01-12,2024-01-26,63,0,0,0,2,2,0,0,Yes
9169,Cat,50984,2024-01-30,2024-02-09,74,1,1,0,3,0,0,1,No
6322,Cat,50985,2024-01-27,2024-01-30,44,1,0,0,2,1,0,0,Yes
7154,Cat,50986,2024-03-02,2024-03-15,44,1,1,0,1,3,1,0,No
5493,Dog,50987,2024-02-27,2024-03-02,48,1,1,0,1,8,0,0,No
2774,Dog,50988,2024-02-25,2024-03-07,48,1,1,0,1,0,0,0,No
9035,Dog,50989,2024-01-31,2024-02-07,68,1,0,1,1,8,1,0,No
7666,Dog,50990,2024-02-24,2024-03-05,59,0,1,1,1,0,0,0,Yes
3878,Cat,50991,2024-01-19,2024-01-23,65,1,0,0,2,3,1,0,No
6343,Cat,50992,2024-02-28,2024-03-11,47,1,1,0,3,5,0,0,Yes
8694,Dog,50993,2024-03-22,2024-03-31,56,1,0,0,1,0,0,0,No
2925,Rabbit,50994,2024-02-27,2024-02-29,21,1,0,1,1,7,0,0,Yes
9045,Cat,50995,2024-03-30,2024-04-04,37,1,0,1,1,9,0,0,No
9100,Rabbit,50996,2024-03-13,2024-03-14,62,0,0,1,2,0,0,0,No
8049,Dog,50997,2024-03-04,2024-03-05,18,1,0,0,3,3,0,0,No
2199,Cat,50998,2024-02-14,2024-02-26,25,1,0,0,2,5,0,0,No
9279,Dog,50999,2024-01-03,2024-01-17,38,1,0,0,2,6,0,0,Yes
